CARD_0001_BODY;Jovens Sylanders sonham, com frequência, em partir em aventuras heróicas enquanto trabalham nos campos. Infelizmente, quando encontram a aventura tão esperada, eles raramente sobrevivem ao primeiro dia.
CARD_0022_BODY;Aqueles que vivem nas cidades de Mîrnast muitas vezes se contentam em deixar de lado suas tradições e liberdade pelo conforto e segurança providos pelas maravilhas tecnológicas do Império. Os que vivem no campo, no entenanto, ainda acreditam em ideais mais nobres e continuam a lutar contra o Imperador em nome da liberdade.
CARD_0024_BODY;Os Imperiais riram da Rebelião quando eles usaram pela primeira vez o Falcão como seu símbolo, mas aprenderam rapidamente a temer o grito dos falcões treinados dos rebeldes.
CARD_0030_BODY;Os pacificos iaques podem ser encontrados em quase todo lugar em que há grama. Fazendeiros costumam tornar-se amigos dos iaques locais, felizes em oferecer feno e abrigo em troca da ajuda dos grandes animais, puxando suas carroças e arados.
CARD_0034_BODY;A Rainha Magda possui controle sobre boa parcela do sistema judiciário de Meroval, em parte graças a seus amigos favorecidos. Em troca de sua lealdade, a Rainha protege seus favoritos das consequências legais de quaisquer empreendimentos ilegais que eles desejam participar.
CARD_0036_BODY;A luva de veludo para o punho de ferro de seu marido, apesar de não haver amor perdido em um casamento que era só sobre política. Enquanto Magnus controla o respeito das Ordens de Cavalaria e do povo mais comum, Magda controla os escalões mais altos da sociedade com subornos, espiões e, ocasionalmente, com assassinatos.
CARD_0040_BODY;Conhecido como a "Raposa da Geleira", o astuto rei é o 193º governante de Meroval. Nos 4000 anos desde que o reino foi fundado, nenhuma vez o Grande Cervo Branco da família Meroviana deixou de estar hasteado sobre a Fortaleza Obsidiana.
CARD_0043_BODY;Depois de perder sua família em um ataque de ladrões, Sharra foi adotada pelo misterioso Mestre, líder do grupo secreto de Caçadores de Dragões. Depois de vários anos de treino, ela se tornou a caçadora mais habilidosa da Ordem, sendo enviada pelo Mestre para evitar o lendário "Dia dos Dragões", matando todos os que ela puder.
CARD_0047_BODY;Na cidade de Mîrnast, onde o Imperador reina em seu trono dourado, existe um pequeno parque encoberto pela vegetação. Em seu centro, sufocada por ervas daninhas e videiras, está a estátua de uma mulher, estranha, linda e radiante. Gravadas na pedra, escondidas pelas eras e pelo musgo estão as palavras: "Laya, Senhora dos Pesares".
CARD_0051_BODY;Uma vez a espinha dorsal do exercíto Imperial, os Executores agora patrulham o interior de Mîrnast. Enquanto, oficialmente, isto acontece para defesa contra os ataques de tikis e oradrins, essas máquinas são mais frequentemente usadas para suprimir dissidências ou destruir fortalezas rebeldes.
CARD_0052_BODY;Todo nobre Meroviano pertence a uma ordem de cavalaria ou outra, mas só os mais habilidossos e dedicados pertencem à Ordem de Meroval, que é encarregada de proteger tanto a vida do Rei quanto seus segredos.
CARD_0053_BODY;Existe uma profecia que diz que um dia, os dragões vão se unir para limpar o mundo da mácula dos humanos. Enquanto os humanos consideram essa uma profecia a ser temida e evitada, a maior parte das outras raças está ansiosa para que ela se cumpra.
CARD_0056_BODY;Na disputa de poder entre Magnus e Magda, Thulgar tenta jogar dos dois lados. Espera que um dia eles destruam um ao outro, dando-lhe a chance de reivindicar o trono para si mesmo. Ele não sabe, no entanto, que ambos os monarcas sabem de seus esquemas e que fizeram um acordo para manter Thulgar e suas aspirações ocupadas com tarefas sem propósito.
CARD_0060_BODY;Com seu controle sobre os tribunais de Meroval, não é difícil para a rainha Magda conseguir que alguém seja executado legalmente. Mas no raro caso em que ela não possa, ela tem outros métodos na ponta dos dedos.
CARD_0064_BODY;A fome do Império por recursos é tão consumidora que é algo comum ele esgotar completamente as reservas de faeria de uma região, sem se preocupar com a terra ou com seus habitantes.
CARD_0071_BODY;Os mares por toda parte estão cheios de cardumes de peixe-Ruby, mas em nenhum lugar eles são mais comuns do que nas águas ao redor de Gabria. Aqui eles são considerados as criaturas favoritas de Alua, deusa do oceano e sonhos.
CARD_0083_BODY;Os Tritões vivem pacificamente há muitos anos, mas nem por isso eles se tornaram complacentes. Com seu dedicado treino e seu talento natural, que transforma muralhas em coisas obsoletas, eles estão entre os maiores guerreiros do mundo.
CARD_0104_BODY;Por uma eternidade, o mundo inteiro não passava de um infinito mar onde Ouroboros dormia. Quando os quatro deuses decidiram vir ao mundo e começar sua criação, a grande serpente se mexeu em seu sono, criando ondas pela água. Alua viu estas ondas e deu-lhes vida, criando assim o primeiro elemental, Baeru.
CARD_0108_BODY;Orosei é a guardiã de Pandora, o reino dos sonhos, onde as memórias dos deuses e lendas permanecem trancadas. Ela costumava ter uma existência pacífica, até que o comerciante tritão Fugoro achou uma forma de abrir a porta para pandora, permitindo que todos os tipos de ladrões e exploradores entrassem no reino.
CARD_0114_BODY;Aurora sempre foi capaz de entrar nos sonhos daqueles ao seu redor, alterando-os em visões para aqueles que precisam de orientação adequada. Nos últimos cem anos ela tem feito isso com mais frequência, a tal ponto que quase todas as figuras notáveis do mundo foram moldadas de uma maneira ou de outra pelos sonhos de Aurora.
CARD_0125_BODY;Um dos mais enigmáticos habitantes do mundo, ela acordou há milhares de anos atrás sem nehuma memória, mas possuída por uma profunda sabedoria e estranhos poderes. Embora ela ainda não saiba de onde veio, ela encontrou o seu propósito: salvar o mundo do seu caminho para a eventual destruição.
CARD_0133_BODY;Enquanto os Tiki comungam com os espíritos vivos dos animais e plantas, os Sagami trafegam com os elementos mais obscuros da natureza. Os xamãs unem esses espíritos sedentos de sangue às suas máscaras intrincadamente esculpidas, imbuindo-as de grande poder. Quando um xamã morre, não é incomum que sua própria alma seja ligada a uma nova máscara, mantendo sua força dentro da tribo.
CARD_0140_BODY;Os Tiki acreditam na sacralidade de toda vida. Cada membro da tribo, do chefe ao mais jovem guerreiro, tem o dever de ir à floresta de tempos em tempos, para cuidar de plantas e animais que estejam doentes ou feridos.
CARD_0144_BODY;Quando a natureza selvagem é ameaçada, xamãs Tiki imbuem seus animais sagrados com faeria pura, transformando-os em terríveis bestas gigantes. Com os constantes ataques do Império de Mîrnast, as tribos Tiki têm utilizado esta técnica cada vez mais, deixando suas bestas guardiãs em um estado quase constante de fúria e prontidão para a batalha.
CARD_0150_BODY;Em tempos esquecidos pelos mortais, Thyria era o maior dos reinos dos gigantes. Durante a Guerra dos Titãs eles construíram massivos golems para esmagar seus rivais. Hoje essas criações gigantescas sobrevivem mesmo que seus criadores já não existam neste mundo.
CARD_0169_BODY;A mais velha dos dragões elementais, Tethra vigia os lugares selvagens da terra a partir do seu alto abrigo sobre a Floresta Sagrada. Uma vez ela derrotou Sharra, a Caçadora de Dragões, mas poupou a vida da garota quando sentiu um poderoso destino guiando a jovem humana.
CARD_0175_BODY;No coração da Floresta Velha está o Elderwood, um lugar que lentamente transforma até o mais pacífico dos espíritos que habitam dentro dele. Eles geralmente parecem inofensivos e inocentes à primeira vista, mas podem se transformar em verdadeiros monstros sem aviso prévio.
CARD_0179_BODY;Quando Gaia sacrificou a si mesma para impedir que Ouroboros destruísse o mundo, três sementes foram tocadas pela luz de seu sacrifício e ficaram imbuídas de grande poder. Uma dessas sementes caiu em solo fértil e exuberante, crescendo e se tornando uma gigantesca e senciente árvore da qual toda a Floresta Erianor surgiu.
CARD_0185_BODY;Quanto mais fundo você for nas regiões selvagens, mais terríveis e monstruosas serão as criaturas com as quais você vai se deparar. Nos lugares mais profundos você vai encontrar as Vozes da Fome. Uma vez xamãs Sagami, eles perderam suas máscaras, foram subjugados e possídos pelas mesmas forças obscuras e vorazes que eles tentaram controlar.
CARD_0187_BODY;Chefe da Tribo do Falcão Cantante, Eredon não é apenas considerado o maior músico vivo, mas também um carismático líder e um astuto estrategista. Por tudo isso, ele foi escolhido como o porta-voz das doze tribos Tiki e comanda a força militar combinada da Aliança Verde em sua campanha contra o Império.
CARD_0189_BODY;Desde que o grande músico Tiki Enkoo tornou-se amigo de Ruunin milhares de anos atrás, as Tribos Tiki têm usado a música da flauta para chamar pela ajuda de Ruunin, e também para agradecê-la.
CARD_0190_BODY;Quando Gaia sacrificou a si mesma para impedir que Ouroboros destruísse o mundo, três sementes foram tocadas pela luz de seu sacrifício e ficaram imbuídas de grande poder. Uma dessas sementes foi abocanhada em pelo ar por uma loba faminta antes que ela pudesse tocar o chão, concedendo-lhe grande tamanho, poder, e vida eterna.
CARD_0202_BODY;Nascido como um escravo nas celas dos gladiadores, Seifer foi treinado para ser nada mais do que uma máquina de matar para o deleite da elite Kobold. Enojado com a sociedade Kobold, ele se tornou o líder de uma revolta sangrenta e então escapou sozinho para as bordas do mundo, onde os diabos bestiais governavam. E no intuito de nunca mais ser escravo de ninguém, ele roubou o poder dos Senhores do Terror, tomando suas terras para si próprio.
CARD_0204_BODY;Krog uma vez sonhou que era rei, mas ninguém mais concordou porque ele era muito pequeno. Então ele comeu muito, crescendo grande e largo. Mas ainda assim eles disseram não. Então ele deu uma grande festa, muita comida e bebida. Toda a sua tribo estava lá. Krog finalmente era o rei. Quando a comida acabou, eles foram embora. Mas haverá mais festas, e ele será rei outra vez.
CARD_0215_BODY;Enquanto a maioria dos diabos são criaturas instintivas mais próximas de bestas do que dos homens, os Lordes do Terror estão entre as entidades mais perspicazes do mundo. Durante séculos, eles lutaram entre si pelo domínio das Planícies do Diabo, até que Seifer abateu muitos e tomou o controle de seus domínios. Os restantes Lordes fugiram para as Ilhas Orientais, esperando pela oportunidade de voltar.
CARD_0218_BODY;Em batalha, diabos maiores às vezes colocam pequenos diabos dentro da boca para protegê-los. Não fica claro para forasteiros, no entanto, se isso é realmente mais seguro ou não, considerando quantas vezes os pequenos acabam sendo engolidos ao final da batalha.
CARD_0232_BODY;Devoto de Aoros, o deus da terra e do fogo, o amor de Garudan se transformou em raiva e tristeza quando o deus foi engolido por Ouroboros, a Devoradora de Mundos. Ele costuma soltar sua ira de fogo sobre os campos, enquanto passa as noites frias sozinho em uma cama de ouro e lágrimas.
CARD_0250_BODY;Quando Ouroboros se mexeu pela primeira vez em seu sono, seu olho flamejante se abriu por um instante, soltando um terrível inferno que ameaçava queimar o infinito oceano. Aoros, o deus das chamas, domou este inferno e moldou-o em Ignus, a Primeira Chama.
CARD_0253_BODY;Quando Khalim começou a sua cruzada, ele liderou várias pessoas comuns sem nenhuma experiência de guerra para a batalha contra Mîrnast. Agora, artesãos, sacerdotes e mercadores se tornaram soldados endurecidos, e são eles que estão liderando Khalim em um genocídio contra toda a humanidade.
CARD_0256_BODY;Os Oradrim são uma raça de emoções fortes e naturezas mercuriais. Foi a Ordem de Djidan que lhes ensinou os caminhos do foco, oração e meditação. Pois sem isso todos os Oradrim correm o risco de serem consumidos pela sua paixão, impulsionados pelo fanatismo até seus últimos dias.
CARD_0260_BODY;Um gênio da guerra, Khalim se tornou um escravo de sua própria cruzada contra o Império Mîrnast, assim como seus mestres de Djidan alertaram. Inicialmente, uma luta para impedir o Império de usar a essência divina como combustível comum, a cruzada tornou-se uma chamada para o genocídio, pois o povo Oradrim procura varrer a humanidade do mundo.
CARD_0263_BODY;Um Shaytan caçador, muitas vezes, perturba os sonhos daqueles que caça, não importa a distância entre predador e presa. Muitos já morreram enquanto estavam no auge de seu último pesadelo.
CARD_0288_BODY;A sede de sangue de Azarai era tão grande que Astar, deus do vento e do céu, teve que trancá-la antes que ela caçasse o mundo inteiro até a extinção. Livre mais uma vez, ela continua sua caça, ansiosa para compensar o tempo perdido.
CARD_0297_BODY;Alguns Shaytans viveram o suficiente para lembrar de suas vidas antes de serem amaldiçoados com a Luz de Ouroboros. Sua idade os imbui de grande poder e determinação, enquanto trabalham para algum propósito desconhecido, com pouca consideração pelos outros de sua espécie.
CARD_0299_BODY;Os shaytans não se reproduzem como criaturas normais. Em vez disso, um sacerdote de Ouroboros força uma centelha do fogo em seus corações na alma de algum cativo, queimando-lhe tudo que tem de bom até que sobre apenas um demônio.
CARD_0303_BODY;Iona foi declarada uma santa entre os Oradrins depois que ela impediu uma fênix furiosa de destruir uma cidade que roubara um de seus ovos. Quando ela abraçou a criatura, toda a sua raiva passou e ela desapareceu em um lampejo. Desde então Iona tem irradiado a luz dourada da Fênix e espalhado justiça e misericórdia para todos aqueles que buscam sua sabedoria.
CARD_0308_BODY;Ostregoth e seu irmão Jalmyr são os únicos sobreviventes dos gigantes do vento de Eohl. Juntos, eles governavam os Solares, mas quando uma facção se levantou adorando Ouroboros, Ostregoth os apoiou e buscou o poder da Serpente. Depois que Ostregoth e os Solares caídos foram calados, ao banhar-se na horrenda radiação dos olhos de Ouroboros, Jalmyr lançou seu irmão em um vazio desconhecido e baniu os Shaytans para o outro lado do mundo.
CARD_0309_BODY;Os mercadores do deserto são ricos o bastante para contratar exércitos de mercenários se assim desejarem, mas a maioria prefere entrar na batalha. Muitos já subestimaram esses marcadores de vestes refinadas - uma flecha no coração, foi o preço que pagaram pelo seu erro.
CARD_0350_BODY;As lendas falam que Jalmyr garante um único desejo a qualquer um que lhe ensine algo novo. As lendas estão erradas. Jalmyr garante 3 desejos.
CARD_0352_BODY;Após anos falhando em capturar a Árvore Gaia, o Imperador descobriu sobre a Árvore da Vida Eterna crescendo no Céu-acima. Ele mandou seus engenheiros imperiais trabalhar sem descanso para construir uma frota de aeronaves. Esplendor é a maior e mais poderosa delas. Banon, o amigo mais antigo do Imperador, foi escolhido para ser Almirante desta recentemente criada Frota Imperial.
CARD_0356_BODY;Os deuses que permanecem no mundo são, geralmente, entidades famintas e egoístas, atraídos pela rica faeria que se acumula na natureza. Para preservar a natureza, algumas dríades assumiram o papel de caçadores de deuses como um aviso para qualquer divindade que pense ser uma boa ideia roubar a floresta.
CARD_0357_BODY;Para os diabos, sangue é a única moeda que importa. Se você quer ajuda de outro demônio em batalha, ou parte de uma carcaça fresca, esteja preparado para sangrar.
CARD_0362_BODY;Nunca antes, desde o Tempo dos Deuses, o mundo foi preenchido com tantos fios do destino, tantos agentes da sorte. Não se sabe o que isso representa, mas está claro que a criação está na balança, e que esta pode ser derrubada facilmente por um único herói ou vilão.
CARD_0366_BODY;A casta sacerdotal espalhou as bênçãos de Oroboros aos Shaytan, concedendo-lhes mutações de poder. É seu dever guiar seus irmãos disformes para a guerra, bem no alto nas Terras Negras.
CARD_0504_BODY;Depois de passar a maior parte de sua vida minerando alegremente por tesouros preciosos, Goki foi puxado acidentalmente para Pandora, quando seguiu seu tio, Fugoro, por curiosidade, em uma de suas expedições. O jovem Tritão retornou com muitas histórias para contar, alguns souvenirs para seus amigos, e uma sede crescente por aventura.
CARD_0505_BODY;As Baleias Celestiais Lazúli são o maior tipo de baleias celestiais. Elas costumavam planar pelas nuvens do Céu-Acima em grandes baleais. Mas com o tempo, seus números foram diminuindo à medida que eram caçadas pela sua gordura naturalmente flutuante, que pode ser usada para manter cidades inteiras no ar. O Imperador perseguiu as baleias restantes até a extinção por esporte. Agora apenas Mobie permanece.
CARD_0507_BODY;O governante mais longevo de Mîrnast, Kaios, conduziu o Império para uma nova era de prosperidade e avanços científicos. Usando faeria como combustível para suas espantosas maravilhas tecnologicas e devastadoras armas de guerra, os admiradores do Imperador são só excedidos em número pelos seus inimigos.
CARD_0509_BODY;Todo ano, a Árvore da Vida Eterna produz um único fruto, imbuído de faeria concentrada. Desde tempos imemoriais os sacerdotes rakoanos têm colhido essa fruto, usando-o em um ritual que espalha seu poder entre as núvens. Quando chove, a vida floresce e prospera onde quer que as gotas caiam, tornando o Céu-acima um paraíso como nenhum outro.
CARD_0512_BODY;Uma vez um simples mercador, Fugoro não só descobriu a porta para Pandora, mas entendeu como abri-la. As maravilhas daquele reino acenderam uma ganância em seu coração que nunca será extinguida, seu objetivo na vida é um dia alcançar o coração da Padora e pilhar seus maiores tesouros.
CARD_0516_BODY;Uma vez um simples coletor de sucatas, CAP-10 foi alterado por um engenheiro de mecanóides para fazê-lo mais eficiente. As coisas deram totalmente errado. Agora CAP-10 viaja pelo mundo, invadindo e pirateando alegremente, usando qualquer sucata encontrada para aprimorar seu corpo.
CARD_0519_BODY;Antes de Ouroboros acordar e dar ao mundo o dia e a noite com o abrir e fechar de seu olho flamejante, o mundo estava banhado pelo esplendor de Istanu e seus filhos. Quando a Serpente acordou, muitos desses espíritos de luz subiram cada vez mais alto no céu evitando o calor e a malícia do Olho, até que se tornaram as estrelas e apenas Istanu permaneceu.
CARD_0521_BODY;Quando o Imperador invadiu Céu-Acima, os rakoanos tiveram que adaptar todas as habilidades que tinham para a guerra. Surpreendentemente, os domadores de sapo do Reino de Ulani estavam entre os mais eficazes nisso, capazes de atirar sapos envenenados com incrível distância e precisão.
CARD_0532_BODY;Dentre os muitos sacerdotes e guardiões da Árvore da Vida Eterna, Ulani era a mais leal, a mais dedicada. Quando os invasores do mundo abaixo de Céu-Acima chegaram, os rakoanos procuraram pela liderança e orientação de Ulani, mas apesar de sua habilidade e determinação, não conseguiram impedir o Imperador de profanar a Árvore.
CARD_0601_BODY;Uma vez uma linda donzela conhecida por seus risos e alegria. O que resta dela agora vagueia pelas florestas profundas deste mundo e pelos céus acima, procurando os fantasmas perdidos de crianças assassinadas por um espírito perverso que desejava chamar sua atenção há muitos anos.
CARD_0602_BODY;Treinados por mestres de Keldran, esses soldados de elite são o orgulho do Imperador e são fundamentais em seus planos para conquistar Oversky. Agora, com a mácula da corrupção de Kaios dentro deles, eles não sentem misericórdia ou remorso enquanto limpam os céus em nome do imperador.
CARD_0603_BODY;Estes primatas perversos do Céu-Acima estão em um estado de constante sede pelo rico néctar da faeria. Costumava encher suas mentes espertas de inspiração cada vez que o bebiam, mas agora sua sede apenas lhes proporciona pensamentos de pesadelo que os levam a ações violentas.
CARD_0604_BODY;Sujeitos à vontade corrompida do Imperador, esses soldados se tornaram autômatos mudos e incansáveis. Sem a necessidade de alimento ou descanso, as legiões irracionais do Império marcham adiante, buscando somente a conquista. Todos são inimigos. Tudo deve ser tomado.
CARD_0605_BODY;A chegada do Império ao Céu-Acima trouxe consigo muitos membros da Academia de Engenharia de Mînnast. Esses exploradores estavam ansiosos para examinar as ilhas flutuantes e catalogar seus recursos naturais para extração futura. Sob a mancha da corrupção, eles abandonaram todo o desejo de descobrir, buscando apenas fazer uso de tudo o que encontram.
CARD_0606_BODY;Uma vez cavaleiros honrados que acompanhavam o Imperador como guarda-costas, eles se tornaram servos enfurecidos empenhados na destruição de todos, sem diferenciar entre inimigos e aliados. O mesmo poder que manchava a magia de suas espadas corrompeu a nobreza de espírito que um dia possuíram.
CARD_0607_BODY;Encoberta na escuridão e mais silenciosa do que um sussurro, a Fada de seda da Sombra é um espião natural. Elas vão de sombra em sombra, observando todos os eventos do mundo antes de voltar e compartilhar esses segredos com seus irmãos e irmãs fadas.
CARD_0608_BODY;Dizem que quem come do Fruto da Vida Eterna tem a sua mais profunda natureza manifestada com uma clareza terrível, queimando todas as suas outras características. O Imperador, antes um homem com um inextinguível desejo por poder e conquista, tornou-se poder e conquista encarnados.
CARD_0609_BODY;Com a queda da Árvore da Vida Eterna, a ordem natual torna-se cada vez mais corrompida a cada dia que passa. As gramas murcham, as águas se tornam venenosas, os peixes caem do céu. É apenas uma questão de tempo até que o Céu-Acima seja nada mais que uma terra cheia de morte e monstros.
CARD_0610_BODY;A piranha do Céu-Acima, capaz de detectar o menor traço de sague no ar a quilômetros de distância, costumava ser uma aparição abençoadamente rara. Agora, com o cheiro de morte em todo lugar, elas se tornaram tão comuns quanto aqueles prestes a se tornar cadáveres, dos quais elas se alimentam.
CARD_0611_BODY;As hidras são mais velhas que o próprio Céu-Acima, crias de Ouroboros que estiveram trancadas em prisões de pedra e magia pelos gigantes de Thyria. Agora a corrupção de Kaios enfraqueceu essas prisões, permitindo que a mais terrível e perversa das hidras escapasse para causar destruição pela terra mais uma vez.
CARD_0612_BODY;Sozinho eu ando pela floresta\nRaízes e trepadeiras onde antes estiveram muralhas\nEscuridão ao meu redor, fria e densa\nFolhas e galhos, púrpuras e doentes\nSilêncio na cerca, um súbto estalo\nMinha vida perdida na armadilha esperta do Salgueiro.
CARD_0613_BODY;O doce fedor de podre desses javalis é estranhamente embriagador. Não só atrai uma multidão de moscas e larvas, mas também grandes carniceiros que procuram se fartar de morte e decadência.
CARD_0614_BODY;Os rakoanos contam histórias de gatos monstruosos que habitam as florestas profundas, ávidos para caçar e devorar qualquer criatura que encontrem vagando pelos caminhos sombrios de seu território. Agora, essas criaturas míticas emergem de suas tocas, crescendo em tamanho e maldade a cada passo que dão para longe da floresta pura e antiga que chamam de lar.
CARD_0615_BODY;Outrora o maior mestre de forja de Pandora, foi se enchendo de ressentimento ao ser forçado a forjar brinquedo após brinquedo para pequenos deuses. Em segredo ele trabalhou em sua maior criação, O Martelo da Destruição, e então usou essa arma para quebrar a barreira entre o reino dos sonhos e o mundo dos despertos. A fenda que ele criou foi desde então selada com uma porta encantada, enquanto ele percorre as montanhas estéreis atacando qualquer um que ouse cruzar seu caminho.
CARD_0616_BODY;Espíritos de ódio e raiva que possam ser, eles oferecem um acordo justo: sangue por sangue.
CARD_0617_BODY;Ao despertar da corrupção de Kaios, o Céu-Acima voltou-se contra seus pacíficos cuidadores. Chamas consomem as fazendas e florestas sem fazer distinção, enquanto o próprio céu desconta sua dor e fúria nos edifícios dos rakoans.
CARD_0618_BODY;A corrupção do Céu-Acima foi levada rapidamente pelas correntes de ar e núvens que os salmões chamam de casa, fazendo com que eles fossem os primeiros a se transformar em tenebrosas versões do que foram antes. Agora, eles buscam apenas se alimentar da esscência divina dos deuses, sem se preocupar com a autopreservação ou com a continuação de sua espécie.
CARD_0619_BODY;A morte não é um final absoluto. Nós vivemos dentro de um sonho, nunca sabendo quando vamos acordar. - Khalim, o Prodígio do Céu.
CARD_0620_BODY;Ostregoth teve muitos filhos após o seu banimento, quando o Fogo de Ouroboros lhe deu a habilidade de criar vidas novas, mas nenhum deles é tão vil quanto Solem. Meio gigante e meio fada, Solem possui tanto o poder de seu pai quanto a astúcia de sua mãe, usando ambos na finalidade de acelerar a destruição do mundo e libertar o seu pai.
CARD_0622_BODY;Conta a lenda sobre uma criatura criada por Gaia para povoar pacificamente as pradarias e fornecer lã, leite e companhia a qualquer criatura que precisasse dela. Agora que seus filhos estão em perigo, a Mãe voltou, trazendo com ela um exército de iaques criados para a guerra.
CARD_0623_BODY;Em todo conflito, heróis aparecem para enfrentar o desafio. Eles inspiram o seu povo a levantar e lutar contra todas as adversidades e, por sua vez, são encorajados por essa esperança que seu povo investe neles.
CARD_0624_BODY;Um fugu foi caçado e cozido para o Imperador. Ele gostou tanto do prato que declarou que queria o mesmo para todos os jantares. Dentro de poucos meses os fugus estavam à beira da extinção, caçados para encher as barrigas da nobreza Imperial.
CARD_0625_BODY;Olá, amigo. É estranho que eu esteja falando com você desse jeito, quero dizer, este aqui não é um espaço destinado para histórias? ESPERA! VOCÊ ESTÁ TENTANDO DESCOBRIR MEUS SEGREDOS?!?!
CARD_0626_BODY;Os Iaques Safira nascem da Mãe para serem os professores da Manada, compartilhando o poder secreto da faeria para todos os iaques.
CARD_0627_BODY;Odor estranho. Intruso. Solitário. Fraco. Sozinho. Sigo até o anoitecer. Vigio. Espero. Ataco! Dor de aço. Gosto de carne. O intruso corre. Perseguição. Sem escapatória. Cheiro de sangue. Mordida profunda. Gosto de Sangue. O intruso quieto. Uivo em triumfo. Boa caçada.
CARD_0628_BODY;Os Iaques Esmeralda nascem da Mãe para serem os cuidadores da Manada, abrigando a próxima geração de iaques até eles crescerem.
CARD_0629_BODY;Quando Gaia se sacrificou para evitar que Ouroboros destruisse o mundo, três sementes foram tocadas pela luz de seu sacrifício e ficaram imbuídas com um grande poder. Uma dessas sementes foi encontrada por um espírito do florescimento, que subiu aos céus para retorna-la para os deus. Não encontrando nada, ela adormeceu. Com a semente flourescendo em seu peito, tornando-se a Árvore da Vida Eterna.
CARD_0630_BODY;Ao contrário da crença popular, os Axolotles Ímpeto-de-Lava não vivem em vulcões. Os fluxos de rocha fundida em seu entorno são causados ​​pela exposição prolongada às suas secreções, que são tão quentes que poderiam derreter um colosso.
CARD_0640_BODY;Os rakoanos sempre foram excelentes artesãos e eles adptaram, rapidamente, esses talentos em armas de guerra. Agora os Rakoacópteros vão ao céu para purificar a corrupção do imperador com fogo.
CARD_0641_BODY;Os Iaques Rubi nascem da Mãe para serem os escudos da Manada, punindo àqueles que ferem os filhos da Mãe.
CARD_0642_BODY;Nas eras passadas, existia uma multitude de dragões, que ajudavam os deuses e gigantes a moldar o mundo. Entretando, incapazes de prever o futuro, os deuses não deram aos dragões a capacidade de se reproduzir. Agora os fantasmas dos dragões superam, muito, o número dos vivos.
CARD_0643_BODY;Normalmente dóceis e contentes em flutuar em busca de comida, essas criaturas podem se tornar mortais quando ameaçadas, pois seus espinhos se enchem lentamente com veneno tóxico o suficiente para derrubar uma baleia celestial.
CARD_0644_BODY;Os Iaques Topázio nascem da Mãe para serem os olhos da Manada. Em tempos pacíficos eles procuram pastos verdes para pastar. Agora eles correm à frente e pisam nos inimigos da Manada.
CARD_0645_BODY;Os rakoanos sempre foram excelentes artesãos e, rapidamente, adptaram esses talentos para criar armas de guerra. Agora as máquinas de guerra rakoanas com tripulações bem treinadas podem enfrentar as criações estúpidas de aço e vapor feitas pelo Império.
CARD_0646_BODY;Todos os rakoanos sabem que algumas vezes sacrifícios devem ser feitos para o bem maior. Alguns levam isso a extremos perigosos, mas ninguém quer dizer a um rakoano com um canhão e um olhar louco nos olhos que é hora de parar.
CARD_0647_BODY;Uma vez grandes animadores que eram muito considerados na sociedade rakoana pela sua habilidade de tornar a mais simples reunião em um evento mágico e maravilhoso. Agora eles transformaram seus talentos em algo muito mais mortal, mas ainda maravilhoso e mágico.
CARD_0648_BODY;Eu ficarai ao lado da minha irmã. Eu protegerei meu irmão. Eu sou o escudo de meu povo, e, caso eu falhe, outro escudo tomará meu lugar. - Juramento dos Portadores de Escudo
CARD_0649_BODY;Enquanto a guerra se espalha pelo Céu-acima, rakoanos que antes eram considerados párias devido aos seus comportamentos violentos se agora se tornam líderes enquanto eles ensinam aos seus irmãos, uma vez pacíficos, como lutar pela sua casa e suas vidas.
CARD_0650_BODY;Os vilarejos rakoanos são bem espalhados e amplos entre as ilhas do Céu-acima, e muitos não ouviram falar sobre o que Kaios havia feito com a Árvore da Vida Eterna até que recrutadores chegaram para encontrar novos soldados para a guerra.
CARD_0531_BODY;Há mais de um milhão de variedades de anêmona flutuando na extensão de Céu-Acima. Os rakoanos desfrutam da beleza de suas muitas cores, as Baleias Celestiais, da saborosa refeição que proporcionam, e os iaques, da maciez de seus emaranhados quando procuram um lugar para descansar. O Império invasor não achou as anêmonas tão agradáveis, pois muitas vezes ficavam presas nas turbinas de suas aeronaves e seguravam Cavaleiros de Daconídeos distraídos em batalha. O Imperador frustrou-se quando ordenou que elas fossem exterminadas, uma vez que elas podem facilmente regenerar um corpo inteiro a partir cada tentáculo decepado.
CARD_0527_BODY;Se você olhar atenciosamente no meio dos campos de cristais do Céu-Acima, você eventualmente encontrará ovos de tartaruga escondidos no meio das pedras imbuídas de sonhos. Quando os ovos eclodem, essas gemas ficam embutidas na casca dos filhotes, crescendo com eles em tamanho e poder, até que os sonhos de milhares de noites cintilam em suas costas.
CARD_0526_BODY;A barreira entre Pandora e o mundo dos despertos nem sempre é absoluta. Sonhos, algumas vezes, atravessam e se ligam aos cristais imbuídos de faeria. Os protetores de sonhos anseiam em coletar esses sonhos, hipnotizados por imaginações de seres que estão mortos a tempos e daqueles que estão por morrer.
CARD_0367_BODY;Durante a Era da Destruição, muitos deuses cederam seu poder para infundir o mundo em faeria e protegê-lo de Ouroboros. Contudo, alguns escolheram manter seus poderes, prometendo assumir um papel mais ativo na defesa da criação contra àqueles que buscavam destruí-la.
CARD_0335_BODY;Os caçadores de Meluzil sempre tiveram a reputação de serem caçadores habilidosos, capazes de derrubar um cervo com uma única pedra a 100 passos de distância. Depois do Império reduzir seu vilarejo a destroços e cinzas por desafiarem um comando de cortar a floresta, que era sua fonte de comida, eles continuaram a caçar. Ao invés de veados e coelhos, a sua presa agora são as Caravanas Imperiais e os coletores de impostos.
CARD_0316_BODY;As Fênix eram avistadas de forma corriqueira nos desertos sulistas antes dos Shaytan chegarem. Os demônios logo aprenderam que podiam implantar uma centelha do fogo de seus corações nas majestosas criaturas, levando-as a um frenesi. Esses fantasmas de seus antigos seres, perambulam pelo mundo causando destruição e caos enquanto os Shaytan coletam, alegremente, os destroços deixados para trás.
CARD_0315_BODY;Espíritos nunca morrem de verdade, mas são reciclados e renascem pelo ciclo natural da faeria. Às vezes as coisas dão terrivelmente errado no ciclo, e um espírito fica preso entre a vida e a morte. Outras almas perdidas se prendem a ela, como um entupimento em um ralo, até que um horror sem igual emerge para causar o terror e morte no mundo.
CARD_0314_BODY;Se você um dia vagar para onde a mata e o fogo se encontram, fique atento para os rugidos da Fera do Espinheiro. Nascido das cinzas e da brasa, gerado das cementes e videiras, é um paradoxo movido à fúria e possesso a queimar e quebrar, rasgar e ruir. Se um dia você escutar seu grito, como o som de um trovão partindo árvore e pedra, será melhor correr. Para que não quebre seus ossos e dilacere sua carne.
CARD_0313_BODY;Dois espíritos, nascidos uníssonos, nunca separados. Mesmo quando a distância pode separá-los, suas almas são uma, suas mentes entrelaçadas em perfeita harmonia, seu propósito sempre o mesmo. A perfeita relação que está fora do alcance das raças mortais, mesmo quando aspiramos a sua beleza todos os dias de nossas vidas.
CARD_0312_BODY;O centro do mundo, muito longe do calor e da luz do olho de Ouroboros, é uma terra de frio amargo e paisagens inconstantes. Geleiras colidem com rios agitados de lava, enquanto as maravilhas antigas se escondem embaixo de gelo e pedra. Os Behemoths foram, no passado, guardiões desses tesouros, mas hoje não são mais do que feras errantes, consumindo qualquer fonte de calor para sobreviver o frio mortal do inverno eterno.
CARD_0311_BODY;Em todas as minhas viagens, houve somente um momento em que temi por minha vida. Quando, entre os pântanos, eu encontrei um verdadeiro e glorioso predador. Ele só via sua presa, só sentia o cheiro de minha fraqueza, só sentia a fome pela minha carne, e só vivenciava a sua caça a mim. Não era uma luta a qual eu conseguiria vencer, então eu corri o mais longe e me escondi o melhor possível até que ele me encontrou. Então eu corri de novo. E de novo. E de novo. Só uma vez temi pela minha vida, mas esse medo nunca me deixou, pois a fera ainda caça. E eu ainda sou sua presa.
CARD_0199_BODY;Demônios vivem na beira do mundo, onde sua terra natal é deixada queimada e estéril pelo olho de Ouroboros. Os mais fracos coletam o que conseguem, enquanto os mais fortes comem qualquer coisa mais fraca que eles. A exceção é a Semente de Ódio. Nascida das repugnantes e invejosas chamas de Ouroboros, esses demônios espreitam apenas os mais poderosos e cruéis. Eles aguardam o momento em que sua presa está em seu momento mais fraco e eles em seu mais forte antes de atacar com todo o ódio e desdém do sol.
CARD_0135_BODY;Jovens tikis cuidam dos animais pacíficos que vivem perto de seus vilarejos. Tikis adultos viajam a lugares mais selvagens e ermos para ajudar criaturas selvagens em necessidade. Os verdadeiros anciões tikis não buscam feras necessitadas, pois sabem que a verdadeira harmonia é encontrada em deixar a natureza cuidar deles.
CARD_0109_BODY;Elementais foram os primeiros a serem criados pelos vórtices de energia deixados de maneira não intencional pelo movimento do Ouroboros, e posteriormente moldados e controlados pelos deuses Elementais. Os gabrianos, outrora favorecidos por Alua, desde então encontraram maneiras de invocar, atar, e até de criar novos elementais da água para servirem como servos e soldados de seu reino isolado.
CARD_0085_BODY;Inúmeras criaturas morreram durante o cataclisma que marcou o fim do mundo antigo, deixando para trás os restos despedaçados do que foram um dia. Esses espíritos vagam nas ruínas de cidades antigas tentando encontrar forma e significado para esse novo mundo. Aqueles desafortunados o suficiente para tropeçar no caminho deles são transformados em zombarias retorcidas de suas dores e angústias.
CARD_0048_BODY;Os anciões de Syland viveram vidas longas e árduas que muitas vezes os deixam fracos, porém sábios. Eles fazem o melhor para passar esta sabedoria para as gerações mais novas, mesmo quando os jovens inocentes sonham com grandes aventuras enquanto evitam os trabalhos necessários nos campos.
CARD_0044_BODY;O povo de Syland com frequência passa fome devido às frequentes impiedosas invasões dos clãs bárbaros. Eles sabem, enquanto assistem suas terras sendo saqueadas e queimadas por trás dos muros de pedra, que outro inverno difícil está vindo.
CARD_0039_BODY;Fale, Memória\nSobre a heroína improvável,\nA andarilha, tomada pela necessidade, tão longe de Syland\nEla que busca uma vida de aventura, fortuna e um propósito nobre\n\nEscute, Mortal\nDe todas as maravilhas que ela viu, os monstros que enfrentou\nO companheiro leal que ela cavalga, um nobre iaque das pradarias de Syland\nA espada de sua mãe, ela agora empunha com habilidade e força\nPara um dia destruir o grande mal que ameaça seu lar, e sua terra natal
CARD_0014_BODY;Quando Sharra foi gravemente ferida por Tethra, seu Mestre a levou para um mosteiro escondido e tocou uma música mística para ela todos os dias até que ela estivesse completamente curada. Quando Sharra perguntou ao Mestre sobre a música, ele disse a ela que era um segredo que ele havia roubado dos tikis há muito tempo e que ele conhecia muitas outras canções de poder que ele um dia iria ensiná-la.
CARD_0671_BODY;Enguias Trovejantes são extremamente raras, nascidas apenas quando um raio de poder imenso cai sobre um de seus ovos flutuantes. Os primeiros rakoanos acreditavam que as enguias eram deusas da tempestade, então as glorificavam com presentes e metais preciosos.
CARD_0670_BODY;Rakoanos costumavam plantar sementes da Árvore da Vida Eterna e construir altares ao redor delas para poder deixar oferendas. Espíritos benevolentes de prosperidade e crescimento geralmente faziam esses altares de residência, provendo assistência aos rakoanos vizinhos. Quando a Árvore da Vida Eterna caiu, as árvores se tornaram cascas sem vida. Agora, espíritos sombrios se apropriaram desses lugares, se deleitando com o tormento causado contra os rakoanos que antes procuravam bênçãos nesses altares.
CARD_0669_BODY;Há muitas maneiras de lucrar com a guerra. Alguns vendem armas para ambos os lados, outros são convencidos a trair seus amigos através de generosos subornos, enquanto outros procuram nos campos de batalha por qualquer coisa que brilhe ou cintile. Porém, pássaros não ligam para tais riquezas, encontrando lucro o bastante na carne e vísceras inchadas sob o esplendor vermelho-sangue do Olho de Ouroboros.
CARD_0668_BODY;À medida que corrupção se espalha por Céu-Acima, os primeiros a serem afetados são os animais e plantas. Mas com o crescer da escuridão, ela começou a ficar mais profunda, retorcendo os próprios espíritos das terras. Onde antes havia um elemental feliz em proteger seu próprio pedaço de solo arenoso, agora ele não deseja mais nada além de roubar a vida de tudo o que vê e de tornar vales férteis em desertos cheios de areia.
CARD_0667_BODY;Assim como os espíritos primais da vida nascem do florescer das flores ou do primeiro suspiro de um bebê, espíritos sombrios emergem em massa na presença da morte, doença e destruição. Um tipo de espírito dos mais temíveis são os espectros pestilentos. Eles se arrastam para esta existência com o último suspiro trêmulo de alguém que morreu após muito sofrimento, e após roubarem a aparência do morto, saem mundo afora para causar ainda mais dor em seu nome.
CARD_0666_BODY;De início, achávamos que fosse a sombra e zumbido de naves Imperiais voltando para terminar o que haviam começado. Mas então, um dos meus colegas gritou um aviso assim que um inseto gigante e malformado desceu dos céus. Todos nós fugimos, correndo o mais rápido possível, mas eu era mais veloz que a maioria. Quando voltamos, horas mais tarde, encontramos os corpos daqueles que havíamos perdido, inchados e cheios de ovos. Só foi preciso um mero momento observando as larvas se contorcendo para queimarmos todos que a gente conseguia encontrar.
CARD_0665_BODY;A guerra trouxe a ruína das antes prósperas ilhas de Céu-Acima, deixando enormes pedaços de deserto e terra devastada ocupadas pelos exércitos do Imperador. Enquanto muitas criaturas selvagens foram deixadas para trás na luta pela sobrevivência, alguns vermes prosperaram sob tais condições. Muito mais contentes em se banquetear nos dejetos dos soldados do Império do que procurar comida num ambiente cheio de predadores.
CARD_0664_BODY;Toda brasa, toda chama, uma fome que não perde a flama\nMantenha perto, mantenha controlado, senão será queimado\nPresente folhas, presente galhos, mas nunca dê carvalhos\nSe das chamas não cuidar, nem seus ossos vão sobrar.
CARD_0663_BODY;Desde tempos imemoriais, sempre houveram mortais que se curvavam perante qualquer grande poder, mesmo que isso significasse a própria destruição deles. Aqueles que veneram Ignus estão entre os mais auto-destrutíveis, dispostos a queimar o mundo para trazer glória ao seu mestre. Eles se reúnem sob a bandeira do Imperador, acreditando que a guerra dele não deixará nada fora fogo e cinzas em seu caminho.
CARD_0662_BODY;No momento do nascimento de Ignus, não havia nada senão a glória ardente da chama eterna. É para isso que o grande elemental deseja retornar, mesmo que ele tenha que levar o mundo todo com ele, uma fagulha de cada vez.
CARD_0661_BODY;Os kobolds adoraram a guerra que estava acontecendo longe do seu Império e fizeram de tudo para atiçar as chamas do conflito. Um truque favorito deles era contrabandear demônios para os acampamento dos dois lados, causando morte e confusão com nada menos que alguns barris bem posicionados.
CARD_0660_BODY;Todos sabem da grande guerra entre o Império e os nativos de Céu-Acima. Um confronto épico da máquina contra natureza. Por outro lado, poucos sabem da luta entre Ro88E e o urso sarnento que vive naquela caverna perto do rio. Mas isso não torna o confronto menos importante para os envolvidos.
CARD_0659_BODY;Durante a guerra, os rakoanos amarravam esses hipopótamos com grãos infusos com faeria e mandavam eles correndo pras fileiras inimigas. A faeria era bem volátil, o que acabava liberando explosões de energia poderosas, enquanto eles pisoteavam os soldados do Império.
CARD_0658_BODY;Ela emergiu das nuvens, a luz de Ouroboros brilhou através de sua proa e todos nós olhamos em admiração. Então ouvimos uma trovoada e milhares de foguetes caíram sobre nós. Eu tentei correr, me esconder, qualquer coisa pra me salvar das levas de bombardeio. Eu não sei como eu sobrevivi, mas quando eu acordei e me puxei pra fora dos destroços, eu era tudo que restava do meu vilarejo. – Cauda-orgulho, Fazendeiro Rakoano
CARD_0657_BODY;Tripulado pela tripulação mais ousada e mais encantadora dos 12 Céus, o Gagana tem mais aventuras que um menino da fazenda de Syland poderia sonhar, ver maravilhas que Orosei não acreditaria, e colecionado tesouros que até o Imperador teria se maravilhado. Eles estão dispostos a deixar tudo para trás para ter as maiores aventuras. Salvando o mundo.
CARD_0656_BODY;A Marinha Imperial acumulou armamento aéreo por anos em preparação para a guerra. Agora, que eles finalmente têm a oportunidade de usá-los, eles têm utilizado-os de maneira bem liberal, muitas vezes usando 100 foguetes quando um faria o trabalho.
CARD_0655_BODY;O Império rapidamente construiu postos de guarda em todo o Céu-Acima. Eles serviram o propósito duplo de subjugar a população e de extrair faeria da terra para servir de combustível para as várias máquinas de guerra do Imperador.
CARD_0654_BODY;As Baleias Celestiais Obisidianas são as maiores predadoras dos céus, usando as nuvens de tempestade para esconder sua aproximação enquanto elas as maiores das criaturas voadoras do Céus Acima. Shozen foi o nome dado a mais cruel, cuja fome a fez se voltar contra sua própria espécie, caçando e consumindo uma por uma. A corrupção do Céu Acima não ajudou com o seu caráter.
CARD_0653_BODY;Não há espaço no Céu-Acima o qual a corrupção do Imperador não tenha tocado, não há lugar tão sagrado ou puro o suficiente para ser poupado. Florestas secaram, cidades se tornaram ruínas, e lugares de bênçãos tornaram-se monumentos de maldições.
CARD_0652_BODY;Doze clérigos cuidam do Templo da Vida Eterna durante o dia, e doze durante a noite. Todos os vinte e quatro oporam-se ao Imperador quando ele tomou a Árvore. Dezesseis deles foram mortos como um exemplo para aqueles que resistiam. Três escaparam para avisar aos outros do sacrílegio que havia sido cometido. Dois se juntaram, por vontade própria, ao Imperador, e aos quais foram dados lugares de honra na sua corte. Os últimos três foram presos por correntes e por magia, perdendo sua própria vontade.
CARD_0258_BODY;Os cavaleiros oradrim da Ordem de Djidan conseguem usar a mais leve das brisas para viajar para quase qualquer lugar com a velocidade do pensamento. Oradrins menos talentosos requerem o uso de portões de vento para canalizar seus poderes latentes e se moverem pelo deserto.
CARD_0517_BODY;O ciclo de vida do salmão voador é incrivelmente curto. Eles nascem de seus ovos no chão fresco e fértil e esperam a formação completa de suas asas. Eles então começam a saltar das areias quentes e tomam voo, comendo tudo que conseguirem. Eles voam até acharem outra ilha, cavam um buraco embaixo do solo, colocam seus ovos e morrem.
CARD_0359_BODY;Todas as coisas precisam ter um fim, é verdade. Eu acredito que aqueles que seguem o caminho da injustiça devem encontrar esse final mais cedo do que aqueles que vivem de modo justo e harmonioso. - Khalim
CARD_0307_BODY;Viajar por uma tempestade de areia já é ruim o bastante sem a areia tentando se enfiar na sua garganta.
CARD_0265_BODY;Os sacerdotes shaytan de Ouroboros adquirem grande poder em lugares sombrios e tenebrosos. Cada alma que eles usam para alimentar a grande serpente aumenta o poder dela ao mesmo tempo em que remove do mundo um pouco da faeria que protege toda a criação.
CARD_0240_BODY;Nos confins do mundo, debaixo do calor do Olho de Ouroboros, faeria derrete e solidifica, se tornando uma substância dura chamada de pedra de sangue. Alguns espíritos se alimentam dessa pedra vermelha, infusa de essência, transformando-se em criaturas deformes e cheias de ódio, que se deleitam na dor dos outros.
CARD_0094_BODY;A essência dos sonhos pode criar qualquer coisa que possa ser imaginada. Objeto ou pessoa, vivo ou morto, não importa, contanto que alguém se lembre de sua existência nas profundas imaginações de seu sono.
CARD_0073_BODY;Cada onda contém uma gota de faeria. Toda maré flui com sua essência gloriosa, e cada oscilação do oceano incha com seu poder. Esta é a nossa herança do mar. Ai de qualquer inimigo que nos force a usar o que nos foi dado ciclo após ciclo.
CARD_0127_BODY;O Imperador Kaios realizou muitos experimentos em sua busca pela divindade. Embora nenhum tenha lhe dado o resultado final que esperava, ele ainda aprendeu muito em seu fracasso.
CARD_0042_BODY;As armas de cerco movidas a faeria do Império Mîrnast são algumas das armas mais destrutivas que existem. Com tempo suficiente, uma única pode reduzir qualquer fortaleza a poeira e entulho.
CARD_0360_BODY;BZZZZZZZZZZZZZZZZZZZZZZZZZZZZZZZZZZZZZZZZZZZZZZZZZZZZZZZZZZZZZZZ BZZZZZZZZZZZZZZZZZZZZZZZZZZZZZZZZZZZZZZZZZZ BZZZZZZZZZZZZZZZZZZZZZZZZZZZZZZ BZZZZZZZZZZZZZZZZZZZ BZZZZT…\n\nBZZZZZZZZZZZZZZZZZZZZZZZZZZZZZZZZZZZZZZZZZZZZZZZZZZZZZZZZZZZZZZZZZ
CARD_0673_BODY;Uma vez, o servo mais diligente e leal do Imperador, Banon, percebeu que Kaios passou dos limites no insano caminho do poder, e que ele não poderia mais ser salvo. Mesmo que Banon agora se oponha contra seu amigo e amante, ele ainda o ama tanto quanto no dia em que jurou seu coração a ele.
CARD_0248_BODY;Em uma tentativa desesperada de parar Seifer e suas tropas, os Lordes do Terror sacrificaram muitos de seus próprios números para convocar uma orbe gigante de fogo e pedra. Quando a poeira e as cinzas finalmente se dispersaram, Seifer ainda vivia, como também boa parte de seu exército. Ele conseguiu se livrar com facilidade das forças demoníacas enfraquecidas, levando os Lordes do Terror para o exílio e humilhação.
CARD_0679_BODY;Havia um lorde tritão tão guloso e rico que ordenou que cem pratos, feitos por cem chefes, deviam ser servidos à ele por cem servos. Ele comeu, e comeu até os pratos sumirem. Quando ele foi pedir para seus servos trazerem mais, ele percebeu que eles também haviam sumido.
CARD_0692_BODY;Todos vêem os grandes e fortes. Eles os glorificam, servem ou temem. Ninguém presta atenção em você. Eles te caçam e ferem. Vamos, pequenino. Me deixe carregá-lo e mantê-lo em segurança até que eu o torne forte o suficiente para proteger a si mesmo.
CARD_0691_BODY;Não há maior alegria do que a vitória de uma guerra justa e difícil. Todas as dores, sofrimentos e tribulações servem para elevar a celebração a níveis tão grandiosos quanto a própria vitória.
CARD_0690_BODY;Na véspera da batalha, os ventos sussurravam sua chegada. O ar tremia com sua força. Dwordia, o primeiro Cacique, veio das Ilhas Distantes para se vingar da abominação que profanou as terras que ele jurou proteger em vida. Quando seu dever foi completo e Kaios foi aniquilado, ele sumiu outra vez sem aviso, contente em voltar ao seu descanso eterno.
CARD_0689_BODY;Raramente vistas mas quase sempre sentidas, as Zephyrs nascem do último suspiro de uma alma inocente e seu dever é protegê-las. Eles carregam seus protegidos para as Ilhas Distantes e saem errantes pelo mundo dos vivos, reunindo fofocas e afanando suas comidas favoritas.
CARD_0688_BODY;Apesar da devastação deixada pela guerra, a flora das terras cresceram novamente numa velocidade absurda. Nutridas com vida e fertilizadas com a morte, florestas gigantescas rapidamente cobriram o Céu-Acima graças ao trabalho zeloso dos férteis espíritos de árvores.
CARD_0687_BODY;Enquanto vários sacerdotes foram mortos quando o Mentalista tomou a árvore, alguns escaparam para avisar aos outros de suas atrocidades. Eles vaguearam incessantemente sobre o Céu-Acima, reunindo toda pessoa e coisa selvagem para ajudar a proteger seu lar em comum.
CARD_0686_BODY;Nós respondemos seu chamado. A fumaça de sua angústia. As cinzas de sua dor. O clamor de seu tronco retorcendo e galhos quebrando. Nós respondemos ao seu chamado. Toda a força de Erianor se torna uma.
CARD_0685_BODY;Embrulhado com vida e mágica. Tecido pelo amor da Gaea. Protegido e aquecido dentro do ventre da natureza até que chegue a hora de despertar para sua nova vida.
CARD_0684_BODY;Incapazes de se espalhar como seus primos aquáticos, o coral do Céu-Acima depende destas graciosas feras para serem transportados de ilha para ilha. Em troca, o coral abriga faeria em sua estrutura complexa, imbuindo a criatura com poder que ela pode usar para proteger a si mesma e sua investida.
CARD_0683_BODY;Embora os gabrians não tenham sido capazes de ajudar muito na terrível batalha sendo travada muito acima do oceano deles, eles ajudaram muito na preparação da festa de comemoração.
CARD_0682_BODY;Que a benção do Lorde das Marés esteja com você, meu amigo. As suas ondas o levarão para águas calmas, seu poderoso tridente te protegerá, e suas marés guiarão os peixes mais suculentos para você todos os dias de sua vida.
CARD_0681_BODY;Para derrotar Kaios, precisou-se mais do que apenas força bruta. Enquanto muitas raças emprestavam suas forças e perícias à tarefa, foram os estrategistas tritões que planejaram a última batalha e salvaram o dia.
CARD_0680_BODY;Em todo espelho que eu olhava, só via meu reflexo. Mas quando eu olhei para esses, eu descobri que eram eles que viam seus reflexos em mim.
CARD_0678_BODY;Os rakoanos costumavam achar rebanhos de iaques presos em pequenas ilhas sem grama ou água. Enquanto alguns falavam que a solução para esse problema era completamente insana, os iaques estavam satisfeitos, contanto que eles tivessem espaço para um salto em extensão.
CARD_0677_BODY;Pra onde o Hosa foi agora?!
CARD_0676_BODY;Hosa era um iaque selvagem que amava fugir. Os pastores tentavam, mas ninguém segurava esse iaque. Hosa agia calmo e docemente até eles darem as costas. Ele corria para as colinas e montanhas, só para comer o feno gostosinho, completamente sozinho.
CARD_0675_BODY;Os Lhamacórnios são alvos de vários mitos e superstições. Dizem que um casaco feito de sua lã fará o usuário irresistível aos outros. Seu chifre moído purifica até as águas mais podres. Seu estrume é um aditivo excelente para as melhores cervejas. É um milagre que a espécie não tenha acabado em fazendas ou extinta.
CARD_0674_BODY;Acabou, Kaios. Eu me já me resignei uma vez, e nunca mais cederei aos de sua laia!
CARD_0529_BODY;As ilhas de Céu-Acima vagueiam de acordo com o ir e vir das marés aéreas. Devido a isso ser uma grande inconveniência para todos morando nessas ilhas, Naves-Reboque acabam inevitavelmente virando uma indústria de sucesso.
CARD_0528_BODY;Há poucas coisas mais belas e gloriosas de testemunhar do que o voo de mil raias contra a luz cintilante de uma tempestade que está dispersando.
CARD_0524_BODY;Deslumbrantes, majestosos e incrivelmente perigosos, estes peixes-espadas foram treinados pela Companhia Mercante de Vigia Celeste para protegerem seus comboios aéreos através de Céu-Acima.
CARD_0523_BODY;O calor aconchegante que a salamandra esmeralda emite próxima de amigos pode rapidamente se tornar um calor infernal quando ameaçada. Tenha sempre certeza de que é amigo delas.
CARD_0510_BODY;Quando Kaios chegou pela primeira vez em Céu-Acima, os rakoas o saudaram com presentes em honra da amizade que poderia existir entre eles. Kaios viu esses presentes como uma fraqueza e os rakoas adequados para nada mais que tributo.
CARD_0508_BODY;Nascidas da Árvore da Vida Eterna infusas com faeria pura, estas sementes contém mundos inteiros em um contêiner enganosamente simples.
CARD_0503_BODY;Ninguém sabe porque alguém iria achar que uma máquina de lançar iaque nas pessoas seria uma boa ideia. Apesar disso, isso se revelou um método bem efetivo de persuadir as pessoas a deixá-lo em paz. Ninguém gosta de ser atingido por um iaque voador.
CARD_0372_BODY;O olhar severo da Iona pode aleijar um homem. Sua risada pode fazer um velório celebrar. Já o seu sorriso... criaturas de terras distantes viajariam milhares de léguas para testemunhá-lo.
CARD_0371_BODY;É do conhecimento de todos que Krog come qualquer coisa... menos iaques. Ele tentou uma vez, mas a lã fez cócegas na garganta dele. Agora, ele mantém iaques por perto pois acredita que eles são engraçados, já que aquele que ele comeu fez ele rir.
CARD_0370_BODY;Eles aparecem do nada para matá-lo sem dar muito tempo pra você reagir. O melhor que você pode fazer é conseguir faze-los sangrar durante a luta. Você tem que matá-los ao mesmo tempo que eles matam você.
CARD_0369_BODY;Um fragmento de sonho é uma coisa fraca e saudosa, mas dê a ele o propósito de mil mentes adormecidas, que será capaz de destruir reinos e derrubar gigantes.
CARD_0368_BODY;As ordens do Imperador vêm em pergaminhos de velino preto, amarrados por uma fita de seda roxa. Os comandos são escritos por ele mesmo à mão em tinta dourada, seu selo pressionado em cera carmesim. Mesmo não havendo qualquer tipo de mágica forçando o destinatário da ordem, apenas os maiores inimigos do Imperador ousariam desobedecê-lo.
CARD_0358_BODY;Próximas da beira do mundo, as chamas do Olho de Ouroboros não atingem as terras de maneira uniforme. Aqueles que chamam a atenção do Olho Ardente acabam sofrendo muito, mas aqueles que sabem como direcionar sua atenção podem usá-lo para destruir seus próprios inimigos.
CARD_0355_BODY;Quando a árvore a qual uma kodama está vinculada morre, geralmente a kodama murcha logo depois. Algumas, porém, acabam virando criaturas selvagens e famintas, focadas somente em destruir aqueles que machucam a floresta.
CARD_0354_BODY;Apesar destas criaturas normalmente comerem sonhos, não é difícil para elas consumir um ou outro deus. Afinal, o que são deuses se não a imaginação fundida com o propósito, a possibilidade misturada com a execução, os sonhos tomando forma.
CARD_0319_BODY;Quando o primeiro rei de Meroval, Himsaël, retornou de sua expedição ao redor do mundo conhecido, ele fundou a famosa academia real de exploradores, colonizadores e cartógrafos. Até hoje, os mapas mais detalhados do mundo são criados por eles.
CARD_0302_BODY;Essas gigantes monstruosidades mutantes são shaytan anciãos que precisam consumir almas a todo momento para sobreviver. Felizmente, você só vai precisar testemunhar essas abominações uma vez na sua vida: Logo antes de morrer.
CARD_0298_BODY;Você não consegue vê-los à noite. Durante o dia eles se escondem na sua sombra. As coisas mais mortais não são grandes e ferozes. As coisas mais mortais estão quietas.
CARD_0294_BODY;Antes de Ouroboros acordar e tentar devorar o mundo, os gigantes de vento mantinham todos os tipos de pássaros dentro destes aviários dourados. Apesar de muito já ter sido dissipado, a magia desses lugares ainda permanece.
CARD_0293_BODY;Se você quiser a ajuda do vento, você deve abraçar a natureza impulsiva dele. Para ser amigo do vento, você primeiro precisa ser um amigo para ele. - Khalim
CARD_0290_BODY;As fadas são espíritos minúsculos porém poderosos que costumavam seguir os quatro deuses elementais onde quer que fossem. Sem a luz de seu deus para seguir, as Seda do Sol vagaram sem propósito, até que os solares as reuniram em suas cidades. Isso as deu um novo propósito e um novo lar.
CARD_0278_BODY;Somente os keldrans são capazes de treinar e montar os Dragonetes das Dunas, e mesmo entre eles, um mestre montador de dragonetes é altamente respeitado. Eles são a elite dos keldrans, mercenários mortais que recebem fortunas dos ricos Príncipes Mercadores de Amai.
CARD_0257_BODY;Um verdadeiro mestre dos ventos nunca anda.
CARD_0255_BODY;Em qualquer batalha contra um deus corrupto, são os sagitários que atacam primeiro. Enquanto eles soltam uma tempestade de flechas para amaciar as defesas inimigas, inspiram seus aliados a lutar com todas as suas forças contra aqueles que usariam a essência sagrada do mundo para o mal.
CARD_0246_BODY;Essas relíquias velhas estavam entre as armas mais mortais usadas durante a Guerra dos Gigantes. Enquanto algumas estão quase virando pedaços de pedra sem vida, de alguma maneira, muitas delas conseguiram durar muito mais do que os gigantes que as construíram.
CARD_0244_BODY;Como eles puderam deixar o Aoros morrer? Como que os mortais ainda rezam pra outros Deuses? Astar era fraco, Alua não fez nada, Gaea só liga para as árvores queridas dela... E agora eles estão rindo? Como podem festejar e comemorar quando o maior dos Deuses está morto?! Eles pagarão por tamanha falta de respeito! - Garudan.
CARD_0237_BODY;Estrondo e confusão. Tremida e batida. Glória para o caminhante estrondoso, o passo explosivo, o tremedor de terra.
CARD_0234_BODY;As fadas são espíritos minúsculos, mas poderosos, que seguiam os quatro deuses elementares aonde quer que fossem. Desde a morte de Aoros, as de seda da chama instintivamente se aglomeram em torno de qualquer grande fonte de chamas, atraídas por ela como assim como eram atraídas por seu patrono.
CARD_0226_BODY;Esses mechas são extraordinariamente excitáveis. Embora sejam capazes de concentrar suas chamas em um feixe focalizado, eles frequentemente jogam fogo para todo lado no primeiro momento de ignição. O que era para ser uma boa fogueira ou um cano soldado pode acabar com metade da cidade sendo queimada.
CARD_0224_BODY;Os mecas usam um sistema de vagões de alta velocidade para transferir mercadorias e armas entre as principais cidades de suas terras. Em áreas mais remotas, ou durante uma de suas frequentes invasões, eles devem contar com fortes mechas de transporte para trazer armamentos e munições.
CARD_0223_BODY;Para criaturas criadas com um cuidado tão meticuloso, cada engrenagem e pistão são uma prova do perfeito artesanato, os mechas certamente apreciam destruir coisas.
CARD_0196_BODY;Durante o auge de seu império, os kobolds construíram fortalezas inexpugnáveis que se espalhavam por túneis, cofres e cavernas em todo o mundo. Seus muros e portões nunca teriam caído pela força externa, mas foram facilmente arruinados por conflitos internos e rebeliões.
CARD_0181_BODY;No centro do mundo está o mágico Valsîrion. Aqui os deuses forjaram o mundo a partir de poderosos vórtices de energia elementar. Qualquer coisa pode ser trabalhada ou transformada aqui com uma vontade forte e muita faeria para alimentar as forjas da criação.
CARD_0180_BODY;Os misteriosos ídolos lacrimejantes podem ser encontrados em todas as florestas tropicais ao redor da árvore Gaia. Embora existam muitos contos e lendas sobre de onde eles vêm, poucos conhecem a verdade: Eles eram os filhos de Gaia que se transformaram em pedra quando a deusa se sacrificou. Agora eles choram não só pela morte dela, mas pela perda de todo ser vivo.
CARD_0176_BODY;Apesar de todos os tikis adorarem animais sagrados e honrarem Ruunin em especial, um grupo seleto jurou-se plenamente a sua causa de defender os bosques. Eles andam nas costas de lobos abençoados, explorando as fronteiras da selva, avisando a Aliança Verde de qualquer ameaça que encontrem.
CARD_0171_BODY;As fadas são espíritos minúsculos porém poderosos que costumavam seguir os quatro deuses elementais onde quer que fossem. Sem Gaea para guiá-los, as de Seda da Flor vivem em qualquer lugar com grandes quantidades de essência vital. Apesar disso ser mais comum em áreas com árvores grandes e antigas, elas são conhecidas por seguir grandes animais e até mesmo seres humanos excepcionalmente viris.
CARD_0157_BODY;A faeria existe em todo lugar, em todo objeto e todo ser vivo. No entanto, como a água, a faeria também flui e acumula em piscinas e lagos. E, como a água, as árvores com raízes famintas sugam cada gota e se tornam santas portadoras da energia divina para alguns, ou faróis vivos de poder e riqueza para os outros.
CARD_0155_BODY;Ruunin tem sido a protetora das tribos tiki por milhares de anos, mas ela não pode estar em todos os lugares ao mesmo tempo. Em tempos de desespero, os xamãs se reúnem em torno de seus santuários e pedem sua ajuda. Eles esperam por sua proteção, mas às vezes ela só pode oferecer seu espírito.
CARD_0128_BODY;Embora sejam necessárias visões grandiosas para influenciar as mentes dos fortes, aqueles fracos de vontade podem ser controlados com um sonho, uma palavra ou até mesmo um simples truque.
CARD_0126_BODY;Quando a deusa da água Alua criou os gabrians, ela deu-lhes a sagrada tarefa de moldar e cuidar do oceano. Os Criadores de Onda levaram esse dever muito a sério, chegando mesmo a fundir seus corpos com elementais de água para controlar melhor as ondas e as marés.
CARD_0117_BODY;Nos templos perdidos do mundo antigo, às vezes pode-se encontrar ovos estranhos e pulsantes. O que pode chocar deles, ninguém sabe. Apenas no caso de ser um dragão ou algum monstro maligno, as pessoas tendem a construir suas aldeias longe de onde esses ovos possam ser encontrados.
CARD_0116_BODY;Muitas vezes confundidos com fantasmas ou espíritos, os luduans eram na verdade pessoas que se tornaram tão viciadas em faeria, que isto é tudo o que comiam e bebiam.
CARD_0110_BODY;As fadas são espíritos minúsculos porém poderosos que costumavam seguir os quatro deuses elementais onde quer que fossem. As de Seda da Gema costumavam vagar sem rumo por lagos ou oceanos, mas começaram recentemente a se reunir sobre as águas de Gabria.
CARD_0106_BODY;... E então Alua correu até a cauda da velha serpente no mesmo instante em que Ouroboros fechou suas mandíbulas ao redor dela, engolindo ambas com um estrondo de luz e trovão. Foi assim que a nossa grande deusa enganou a Ouroboros a engolir a própria cauda para que não pudesse terminar de comer o resto do mundo. Agora chega. Todos para a cama! Vovô está cansado.
CARD_0086_BODY;Quando você assiste a um cozinheiro tritão trabalhando, você não tem dúvidas de que eles praticam a pura arte da culinária. Assar e preparar os frutos gigantes da Puken'pin mágica requer o mais alto nível de fortaleza mental e habilidade culinária, pois cozinheiros principiantes não resistem a comê-los antes de estarem completamente cozidos.
CARD_0062_BODY;Não há recurso mais valioso em Mîrnast do que faeria. Muitos jovens Mîrnasters arriscam tudo para roubar faeria das dríades da Floresta Sagrada. Poucos retornam, mas aqueles que conseguem, ganham riqueza e fama suficientes para inspirar outra geração a fazer a tentativa.
CARD_0061_BODY;Qualquer um que se opusesse ao status quo do Império Mîrnast era considerado um criminoso e expulso da segurança e do luxo das cidades. Foragidos rapidamente se tornam rebeldes, e os rebeldes rapidamente ganharam um preço sobre suas cabeças.
CARD_0054_BODY;Em todas as épocas, sempre haverá homens e mulheres arriscando sua juventude e vigor por fama e fortuna. Infelizmente, eles muitas vezes aprendem tarde demais que bravura e ousadia são pobres substitutos para sabedoria e habilidade.
CARD_0045_BODY;Em Meroval, o Rei Magnus faz a mediação entre nobres rivais, enquanto os juízes reais lidam com a justiça para os cidadãos comuns. No entanto, os confidentes do reino sabem que é a rainha Magda que manipula os tribunais altos e baixos para seus próprios fins.
CARD_0032_BODY;Embora normalmente dócil e amável, não há fúria maior neste mundo do que a de um iaque enfurecido.
CARD_0009_BODY;Desde antes mesmo dos dias do Império, a academia de engenharia Mîrnast nunca parou de melhorar suas máquinas e dispositivos movidos a faeria.
