1.cardName;Маленький фермер
2.cardName;Горный лучник
2.cardText;{ranged_attack}
3.cardName;Силандский воин
4.cardName;Силандский конюх
4.cardText;{gift} - Другое ваше существо получает {charge|3} на этот ход.
9.cardName;Имперский инженер
9.cardText;{gift} - Активирует все дружественные способности Производства.
10.cardName;Держать строй!
10.cardText;Добавляет двух <b>Имперских стражей</b> 2/3 cо способностью {taunt} к картам в  вашей руке.
11.cardName;Ходячая крепость
12.cardName;Паровая кузня
12.cardText;{production} - Случайное дружественное существо получает +1/+0.
13.cardName;Сборщик налогов
13.cardText;{combat} - Вы получаете {faeria|1}.
14.cardName;Исцеляющая песнь
14.cardText;Возьмите карту и получите +5 к здоровью.
15.cardName;Магический щит
15.cardText;Существо получает способность {protection}.
16.cardName;Имперский страж
16.cardText;{taunt}\n{last_words} - Вы получаете +2 к здоровью.
22.cardName;Борец за свободу
22.cardText;{haste}
23.cardName;Костёр
23.cardText;Выбранное существо получает +1/+1.
24.cardName;Рывок сокола
24.cardText;Нанести 1 ед. урона существу.
29.cardName;Мастер меча
29.cardText;Имеет +2/+0 во время вашего хода (пока в руке или на поле).
30.cardName;Степной як
32.cardName;Атака яков
32.cardText;Призвать трёх <b>Свирепых яков<b> 2/2 со способностью {haste}.
33.cardName;Кара
33.cardText;Нанесите 2 ед. урона выбранному существу. Если это существо нейтральное, вместо этого нанесите ему 5 ед. урона.
34.cardName;Фаворит королевы
34.cardText;{protection}
35.cardName;Страж королевы
35.cardText;{taunt}\n{combat} - Вы получаете {faeria|1}.
36.cardName;Магда, Королева Мероваля
36.cardText;Ваши легенды стоят на {faeria|1} меньше.\n{production} - Вы получаете случайную легенду в руку. Она становится {wild}.
37.cardName;Придворный шут
37.cardText;{taunt}\n{gift} - Случайное существо в вашей руке получает +2/+2.
38.cardName;Страж короля
38.cardText;{taunt}\n{combat} - Вы берёте карту.
39.cardName;Неожиданный герой
39.cardText;В первый раз, когда это существо выживает в бою, оно получает +3/+3 и {charge|2}.
40.cardName;Магнус, Король Мероваля
40.cardText;{charge|3}\n{combat} - Вы берёте карту. Её стоимость изменяется на {faeria|0}.
41.cardName;Разносчик чумы
41.cardText;{last_words} - Наносит 2 ед. урона ВСЕМ существам.
42.cardName;Осадное орудие
42.cardText;{ranged_attack}\nПолучает +1/+0 после каждой своей атаки.
43.cardName;Шарра, Драконоборец
43.cardText;Шарра игнорирует весь урон, равный 4 или более.
44.cardName;Голод
44.cardText;Нанести 1 ед. урона ВСЕМ существам.
45.cardName;Королевский судья
45.cardText;{options|Получить Магический щит.|Получить Кару.}\nДобавить <b>Магический щит</b> в вашу руку. Его стоимость снижена до {faeria|0}.\nДобавить <b>Кару</b> в вашу руку. Её стоимость снижена до {faeria|0}.
46.cardName;Картограф
46.cardText;{last_words} - Добавляет <b>Исследование</b> в вашу руку.
47.cardName;Сверкающая статуя
47.cardText;{taunt}\n{production} - Вы получаете 1 ед. здоровья.
48.cardName;Деревенский староста
48.cardText;{last_words} - Вы берёте карту.
49.cardName;Сказочник
49.cardText;{gift} - Каждый игрок берёт 2 карты и получает +2 к здоровью.
50.cardName;Странствующий монах
50.cardText;Получает +1/+0 каждый раз, когда вы берёте карту.
51.cardName;Паровой воитель
52.cardName;Служитель короля
52.cardText;{protection}
53.cardName;День драконов
53.cardText;Добавьте в руку карты четырёх стихийных <b>Драконов</b>. Каждая из этих карт стоит на {faeria|3} меньше и становится {wild}.
54.cardName;Отважный приключенец
54.cardText;{gift} - Получает +2/+2 за каждое соседнее вражеское существо.
55.cardName;Воин с булавой
56.cardName;Барон Тулгар
56.cardText;{last_words} - Каждый игрок берёт карту. Их стоимость снижена до {faeria|0}.
57.cardName;Мудрость
57.cardText;Возьмите 2 карты.
58.cardName;Боевой як
58.cardText;Получает +2/+0, пока у вашего противника 10 или менее ед. здоровья.
59.cardName;Защитник родины
59.cardText;{taunt}\n{gift} - Если вы были атакованы на прошлом ходу, призывает ещё одного <b>Защитника родины</b>.
60.cardName;Личный убийца королевы
60.cardText;{deathtouch}
61.cardName;Опасный преступник
61.cardText;{last_words} - Ваш противник берёт карту и получает {faeria|2}.
62.cardName;Ловец удачи
62.cardText;Каждый раз, когда это существо собирает фейри, случайное дружественное существо получает +1/+1.
63.cardName;Странница Запределья
63.cardText;{gift} - Добавляет <b>Костёр</b> в вашу руку.
64.cardName;Имперский насос
64.cardText;Колодцы фейри опустошены.\n{production} - Это строение получает 1 ед. урона.\n{last_words} - Восполнить все колодцы фейри.
65.cardName;Исследователь джунглей
65.cardText;Имеет +1/+1 пока под вашим контролем есть {blue}{blue} и +0/+2 пока под вашим контролем есть {green}{green}
66.cardName;Исследователь кальдер
66.cardText;Имеет +1/+1 пока под вашим контролем есть {blue}{blue} и +2/+0 пока под вашим контролем есть {red}{red}
67.cardName;Исследователь оазисов
67.cardText;Имеет +1/+1 пока под вашим контролем есть {blue}{blue} и +1/+1 пока под вашим контролем есть {yellow}{yellow}
68.cardName;Исследователь тайги
68.cardText;Имеет +2/+0 пока под вашим контролем есть {red}{red} и +0/+2 пока под вашим контролем есть {green}{green}
69.cardName;Исследователь саванн
69.cardText;Имеет +1/+1 пока под вашим контролем есть {yellow}{yellow} и +0/+2 пока под вашим контролем есть {green}{green}
70.cardName;Исследователь песчаников
70.cardText;Имеет +2/+0 пока под вашим контролем есть {red}{red} и +1/+1 пока под вашим контролем есть {yellow}{yellow}
71.cardName;Рубиновая рыба
71.cardText;{aquatic}
72.cardName;Похититель мудрости
72.cardText;{options|Получает +2/+2|Возьмите 2 карты}\n- Получает +2/+2.\n- Возьмите две карты.
73.cardName;Габрианский резервуар
73.cardText;{production} - Вы получаете {faeria|3}. Это строение получает 1 ед. урона.
74.cardName;Тиранакс
75.cardName;Габрианская чаровница
75.cardText;{gift} - Атака другого существа становится равной его здоровью.
76.cardName;Габрианский командир
76.cardText;{aquatic}, {charge|2}\nЭто существо получит +1/+1 и {flying}, когда вы впервые возьмёте карту с базовой стоимостью {faeria|7} или больше.
77.cardName;Габрианский защитник
77.cardText;{gift} - Существо получает способность {protection}.
82.cardName;Весенний моти
82.cardText;{gift} - Следующая карта с базовой стоимостью {faeria|7} или больше, которую вы возьмёте, будет стоить на {faeria|3} меньше.
83.cardName;Тритон-воин
83.cardText;{jump}
84.cardName;Мистический зверь
84.cardText;{gift} - Получает +2/+0 и {jump}, если призван рядом с колодцем противника.
85.cardName;Зеркальный фантом
85.cardText;{gift} - Превращает другое существо в <b>Зеркальный фантом</b> 5/5.
86.cardName;Тритон-повар
86.cardText;{gift} - Добавляет <b>Пир тритонов</b> в вашу руку.
87.cardName;Жаба-ниндзя
87.cardText;{jump}, {haste}
88.cardName;Олягушение
88.cardText;Превратить существо в <b>Лягушку</b> 2/2 со способностью {jump}.
93.cardName;Габрианские чары
93.cardText;Атака существа становится равной его здоровью.\nВозьмите карту.
94.cardName;Сотворение Авроры
94.cardText;Добавить копию выбранного существа в вашу руку. Оно стоит на {faeria|5} меньше.
95.cardName;Тёмный бродяга
95.cardText;Стоит на {faeria|2} меньше, если вы разыграли карту cобытия на этом ходу.
96.cardName;Вихрь заклинаний
96.cardText;Добавляет две случайные синие карты в вашу руку.
97.cardName;Габрианский дворянин
97.cardText;{gift} - Призывает <b>Рубиновую рыбу</b> 1/1 (её можно призвать на море).
102.cardName;Ученик Авроры
102.cardText;Получает +1/+1 каждый раз, когда вы разыгрываете карту события.
103.cardName;Крепкая раковина
103.cardText;{aquatic}
104.cardName;Баэру, Первая Волна
104.cardText;{aquatic}\n{production} - Превращает все соседние земли в {blue}
105.cardName;Порождение бури
105.cardText;{last_words} - Вы получаете {faeria|10}.
106.cardName;Сказки старой черепахи
106.cardText;Возьмите 3 карты. Стоимость всех существ среди них снижается на {faeria|2}.
107.cardName;Волновой колосс
107.cardText;Стоит на {faeria|1} меньше за каждый раз, когда вы собирали фейри из вражеского колодца (минимальная стоимость: {faeria|4}).
108.cardName;Ороси, Грёза Глубины
108.cardText;{flying}, {charge|2}\n{gift} - Превращает всех других ваших существ в случайных существ со стоимостью на {faeria|2} больше.
109.cardName;Элементаль воды
109.cardText;{jump}\n{gift} - Создаёт {blue}
110.cardName;Фея драгоценного шёлка
110.cardText;{flying}\nЭто существо получит +2/+2 и {charge|2}, когда вы впервые возьмёте карту события.
111.cardName;Затонувшая башня
111.cardText;{activate} - Передвинуть землю. Это строение получает 1 ед. урона.
112.cardName;Лазурный огонёк
112.cardText;Получает +1/+1 каждый раз, когда вы собираете фейри из колодца противника.
113.cardName;Святилище тритонов
113.cardText;Получает +0/+1 каждый раз, когда вы собираете фейри.\n{activate} - Уничтожить это строение и получить {faeria|1} по количеству его здоровья.
114.cardName;Сон Авроры
114.cardText;Вы берёте карты, пока их не станет 9 в вашей руке. Стоимость всех карт в вашей руке снижается до {faeria|0}.
115.cardName;Копьеносец метели
115.cardText;{jump}\nПолучает +2/+0 до конца хода каждый раз, когда вы разыгрываете карту события (не более +6/+0).
116.cardName;Людуан
116.cardText;Когда это существо собирает фейри из колодца противника, оно добавляет случайную синюю карту в вашу руку. Её стоимость снижается на {faeria|2}.
117.cardName;Яйцо чудес
117.cardText;Когда вы впервые возьмёте копию нелегендарного существа, Яйцо Чудес превратится в его копию.
118.cardName;Габрианский архонт
118.cardText;{charge|2}\nПолучает +2/+2, если за эту игру вы сыграли хотя бы две карты со стоимостью {faeria|7} или более.
119.cardName;Тритон-ныряльщик
119.cardText;{aquatic}, {jump}
120.cardName;Изменчивый прилив
120.cardText;{options|Сдвиньте землю|Возьмите карту}\nСдвиньте землю.\nВозьмите карту.
121.cardName;Пророк приливов
121.cardText;{gift} - Дважды переместить землю с этим существом.
122.cardName;Унизительный взор
122.cardText;Уменьшить силу атаки и здоровье существа в два раза (округляется в меньшую сторону).
123.cardName;Древний глашатай
123.cardText;{gift} - Стоимость следующей карты существа со здоровьем 5 или более, которое вы возьмёте, будет снижена на {faeria|2}.
124.cardName;Пир тритонов
124.cardText;Существо получает +1/+1 и способность {jump}.
125.cardName;Аврора, Прародитель легенд
125.cardText;{gift} - Измените атаку и здоровье другого дружественного существа на 6/6.
126.cardName;Кузнец волн
126.cardText;В конце хода вашего противника запас фейри ВСЕХ игроков становится равен {faeria|3}.
127.cardName;Проваленный эксперимент
127.cardText;Стоимость следующего существа, которое вы разыграете на этом ходу, будет снижена на {faeria|4}. Оно сразу же умрёт.
128.cardName;Хитрость Авроры
128.cardText;Вы получаете контроль над существом с атакой 2 или менее.
129.cardName;Боевые жабы
129.cardText;Призвать двух <b>Лягушек</b> 2/2 со способностью {jump}.
130.cardName;Ветровал
130.cardText;Вы получаете {faeria|12}.
131.cardName;Воин сагами
131.cardText;{dash|2}
132.cardName;Собиратель костей
132.cardText;Получает +1/+1 каждый раз, когда погибает соседнее существо.
133.cardName;Священный хранитель сагами
133.cardText;{last_words} - Случайное дружественное существо получает +3/+5.
134.cardName;Шаман сагами
134.cardText;{gift} - Может переместить другое дружественное существо на {green} под вашим контролем.
135.cardName;Древний повелитель зверей
135.cardText;Когда вы призываете существо, имеющее 5 или более здоровья, оно получает +1/+1.
136.cardName;Милость Гайи
136.cardText;Выбранное существо получает +0/+3. Вы получаете 3 ед. здоровья.
137.cardName;Вождь тики
137.cardText;{gift} - Выбранное существо получает способность {taunt}.
138.cardName;Цветочный дух
138.cardText;{last_words} - Добавляет случайную зелёную карту в вашу руку. Её стоимость снижается на {faeria|3}.
139.cardName;Отшельник чащи
139.cardText;{last_words} - Случайное дружественное существо получает +2/+4.
140.cardName;Хранитель тики
140.cardText;{gift} - Выбранное существо получает +2/+2.
141.cardName;Трубач тики
141.cardText;{gift} - Выбранное существо получает +0/+4.
142.cardName;Танец шамана
142.cardText;Выбранное ущество получает +0/+4 и способность {taunt}.
143.cardName;Тотем тики
143.cardText;Первое призванное вами на каждом ходу существо получает +1/+1.
144.cardName;Одержимый урс
144.cardText;Каждый раз, когда это существо получает урон, его атака удваивается.
149.cardName;Дубок
149.cardText;{last_words} - Случайное зелёное существо в вашей руке получает +5/+5.
150.cardName;Тирийский голем
151.cardName;Сеятель
151.cardText;{gift} - Создаёт {green} в случайном соседнем месте.
152.cardName;Непроходимые лозы
152.cardText;{taunt}\n{last_words} - Создаёт {green} на случайном месте.
153.cardName;Лесной гризли
154.cardName;Целитель тики
154.cardText;{gift} - Вы получаете 5 ед. здоровья.
155.cardName;Святыня Руунин
155.cardText;{gift} - Получите {faeria|2}.\n{last_words} - Ваш противник получает {faeria|2}.
156.cardName;Дуб-предок
156.cardText;{gift} - Получает +0/+1 за каждый {green} под вашим контролем.
157.cardName;Древо фейри
157.cardText;{production} - Получает +0/+1.\nКогда у этого строения будет 5 или более здоровья, уничтожьте его и получите {faeria|10}.
158.cardName;Ожившая ива
158.cardText;{taunt}
159.cardName;Безудержный рост
159.cardText;Создать {green} в случайном месте.
168.cardName;Первобытный колосс
168.cardText;Стоит на {faeria|1} меньше за каждую особую землю под вашим контролем (минимальная стоимость: {faeria|6}).
169.cardName;Тетра, Душа Леса
169.cardText;{flying}, {charge|2}\n{gift} - Выбранное существо получает +5/+5.
170.cardName;Элементаль леса
170.cardText;{taunt}\n{gift} - Создаёт {green}
171.cardName;Фея цветочного шёлка
171.cardText;{flying}\nЭто существо получит +1/+4, {taunt} и {charge|2}, когда вы впервые возьмёте карту события.
172.cardName;Заросшая башня
172.cardText;{activate} - Выбранное существо получает +1/+1. Это строение получает 1 ед. урона.
173.cardName;Огонёк вечного цветения
173.cardText;Получает +1/+1 каждый раз, когда вы создаёте {green}
174.cardName;Дух перерождения
174.cardText;Случайное существо в вашей руке получает +1/+1 каждый раз, когда погибает дружественное существо.
175.cardName;Объятие чащи
175.cardText;Выбранное существо получает +2/+4.
176.cardName;Посланник Руунин
176.cardText;{jump}\nКаждый раз, когда это существо атакует бога, вы получаете случайное зелёное существо в руку. Его стоимость снижена на {faeria|2}.
177.cardName;Вердуранская Сила
178.cardName;Защитник Рощи
178.cardText;{taunt}
179.cardName;Тарум, Лесной Мир
179.cardText;{taunt}\n{last_words} - Заполняет мир лесами.
180.cardName;Плачущий идол
180.cardText;Вы получаете {faeria|1} каждый раз, когда вам наносят урон.
181.cardName;Сотворение земель
181.cardText;{options|Превратите одну из ваших земель в {green}|Превратите одну из ваших земель в {blue}|Превратите одну из ваших земель в {red}|Превратите одну из ваших земель в {yellow}} цвет.\nПревратите землю под вашим контролем в землю выбранного цвета. Возьмите карту.
182.cardName;Дикий мститель
182.cardText;{taunt}, {dash|2}\nПолучает +0/+1 за каждый раз, когда ваш бог получал урон.
183.cardName;Древний вепрь
183.cardText;{dash|2}\nСтоимость снижается на {faeria|2}, если вы контролируете существо с 5 или более здоровья.
184.cardName;Наставление Руунин
184.cardText;Выберите цель. Если это:\n- существо - оно получает +2/+2.\n- бог - он получает 5 ед. здоровья.
185.cardName;Глас голода
185.cardText;{gift} - Уничтожает всех соседних дружественных существ. Получает атаку И здоровье, равное суммарному количеству здоровья уничтоженных таким образом существ.
186.cardName;Росток
186.cardText;{production} - Если у этого существа меньше 5 ед. здоровья, оно получает +1/+1.
187.cardName;Эредон, Глас Сущего
187.cardText;{last_words} - Все ваши существа в руке и колоде получают +1/+1.
188.cardName;Пища для леса
188.cardText;Уничтожает ваше существо. Вы получите количество фейри, равное количеству здоровья уничтоженного существа. Возьмите карту.
189.cardName;Явление Руунин
189.cardText;Вы получаете случайное зелёное существо в руку. Оно получает +6/+6.
190.cardName;Руунин Неудержимая
190.cardText;{dash|2}\n{last_words} - В конце хода Руунин возвращается в вашу руку. Она получает +2/+2.
191.cardName;Подземный разбойник
191.cardText;{combat} - Вы получаете {faeria|2}.
192.cardName;Кобольд-воевода
192.cardText;{combat} - Случайное дружественное существо получает +3/+0.
193.cardName;Боевой зверь кобольдов
194.cardName;Дар стали
194.cardText;Выбранное существо получает +3/+0. Если оно имеет способность <b>Бой</b>, вместо этого оно получает +3/+3.
195.cardName;Подземный главарь
195.cardText;{combat} - Вы получаете {faeria|2}.
196.cardName;Архитектор
196.cardText;{gift} - Выбранное строение получает +0/+2.
197.cardName;Благородный огр
197.cardText;{gift} - Получает +2/+2, если у вашего противника 10 или менее ед. здоровья.
198.cardName;Казармы кобольдов
198.cardText;Ваши существа получают +2/+0, пока находятся рядом.
199.cardName;Зерно ненависти
199.cardText;Стоит на {faeria|1} меньше за каждое призванное вами в эту игру существо, имевшее атаку выше, чем здоровье.
200.cardName;Огр-боец
200.cardText;{taunt}
201.cardName;Дерзкий торговец
201.cardText;{gift} - Стоимость случайной карты в вашей руке снижается на {faeria|7}.
202.cardName;Сайфер, Кровавый тиран
202.cardText;Когда Сайфер уничтожает существо, он получает атаку и здоровье по числу изначальных атаки и здоровья уничтоженного существа, соответственно.
203.cardName;Огр-варвар
204.cardName;Крог, Король огров
204.cardText;{combat} - Стоимость случайной карты в вашей руке снижается на {faeria|7}.
205.cardName;Точильщик топоров
205.cardText;{gift} - Получает +1/+1, если призван рядом с вражеским колодцем.
206.cardName;Скаломёт
206.cardText;{ranged_attack}\nКогда это существо атакует, урон также получают все враги, стоящие рядом с целью.
211.cardName;Шедимский дикарь
211.cardText;{combat} - Наносит 2 ед. урона вашему противнику.
212.cardName;Кипятящий кровь
212.cardText;Наносит 1 ед. урона вашему противнику каждый раз, когда умирает существо противника.
213.cardName;Пища Сайфера
213.cardText;{last_words} - Наносит 2 ед. урона вашему противнику.
214.cardName;Огнеплюй
214.cardText;{gift} - Наносит 1 ед. урона выбранному врагу.
215.cardName;Повелитель ужаса
215.cardText;Каждый раз, когда любой бог получает урон, это существо получает столько же атаки.
216.cardName;Шедимский паразит
216.cardText;{gift} - Получает +2/+2, если у вас есть другое существо с атакой выше, чем здоровье.
217.cardName;Кровавый обелиск
217.cardText;Когда вражеское существо погибает в бою, наносит 1 ед. урона вашему противнику и даёт вам {faeria|1}.
218.cardName;Мрачный страж
218.cardText;{taunt}\n{combat} - Наносит 2 ед. урона вашему противнику.
223.cardName;Метатель бомб
223.cardText;{gift} - Наносит 4 ед. урона соседнему существу или сооружению противника.
224.cardName;Канонир
224.cardText;{gift} - Запустить 4/2 Меха на любую землю по прямой линии.
225.cardName;Всплеск пламени
225.cardText;Нанести 3 ед. урона.
226.cardName;Огнемёт
226.cardText;{ranged_attack}\nКогда это существо атакует бога, оно наносит 1 ед. урона всем существам противника.
231.cardName;Вулканический колосс
231.cardText;{ranged_attack}\nСтоит на {faeria|1} меньше за каждый ход, в который вы наносили урон противнику (не может стоить меньше {faeria|5}).
232.cardName;Гарудан, Сердце Гор
233.cardName;Элементаль огня
233.cardText;{gift} - Создаёт {red}
234.cardName;Фея пламенного шёлка
234.cardText;{flying}\nЭто существо получит +3/+1 и {ranged_attack}, когда вы впервые возьмёте карту события.
235.cardName;Заброшенная башня
235.cardText;{activate} - Нанести 1 ед. урона. Это строение получает 1 ед. урона.
236.cardName;Кровавый огонёк
236.cardText;Получает +2/+1 каждый раз, когда погибает вражеское существо.
237.cardName;Землетряс
237.cardText;{gift} - Наносит 1 ед. урона ВСЕМ врагам.
238.cardName;Несущий пламя
238.cardText;Пока находится в вашей колоде или руке, получает +1/+1 каждый раз, когда вы призываете существо с атакой выше, чем здоровье.
239.cardName;Пылающая саламандра
239.cardText;{gift} - Наносит 2 ед. урона всем соседним врагам.
240.cardName;Кровокаменный дух
240.cardText;Наносит 1 ед. урона противнику каждый раз, когда дружественное существо собирает фейри из вражеского колодца.
241.cardName;Гнев Сайфера
241.cardText;Нанести 2 ед. урона существу. Если это его убивает - наносит 2 ед. урона владельцу этого существа.
242.cardName;Прожорливое растение
242.cardText;{taunt}\n{production} - Наносит 2 ед. урона каждому соседнему вражескому существу.
243.cardName;Огненная бомба
243.cardText;Нанести 4 ед. урона существу или сооружению.
244.cardName;Огненная буря
244.cardText;Выберите место на поле боя. Нанесите 3 ед. урона всем вражеским существам на этом месте и вокруг него.
245.cardName;Свирепый боец
245.cardText;Каждый раз, когда это существо получает урон, оно наносит столько же урона противнику.
246.cardName;Рассыпающийся голем
246.cardText;Получает 1 ед. урона каждый раз, когда противник призывает существо.
247.cardName;Танец огров
247.cardText;Стоимость случайной карты в вашей руке снижается на {faeria|7}.
248.cardName;Метеор
248.cardText;Выберите место на поле боя. Уничтожьте все существа, строения и земли на этом месте и вокруг него.
249.cardName;Красный дьявол
249.cardText;{gift} - Вы получаете {faeria|5}.
250.cardName;Игнус, Первое Пламя
250.cardText;Когда вы выбираете +{faeria|1} на колесе сил, случайным образом распределяет 4 ед. урона между врагами.
251.cardName;Орадримский монах
251.cardText;{haste}\nВозьмите карту каждый раз, когда это существо атакует бога.
252.cardName;Молитва Кхалиму
252.cardText;Вы получаете {faeria|2}. Возьмите карту. Может быть разыграна только если на этом ходу вы атаковали бога, и только одна за ход.
253.cardName;Последователь Кхалима
253.cardText;{haste}\nПолучает +2/+0 против богов.
254.cardName;Орадримский храмовник
254.cardText;{dash|1}\nПолучает +3/+0 против богов.
255.cardName;Орадримский стрелец
255.cardText;{ranged_attack}\nВы получаете {faeria|1} каждый раз, когда дружественное существо атакует бога.
256.cardName;Орадримский фанатик
256.cardText;{jump}\n{gift} - Может передвинуть дружественное существо.
257.cardName;Пустынный вихрь
257.cardText;Переместите существо на {yellow} под вашим контролем.
258.cardName;Врата ветра
258.cardText;Вы можете призывать существ рядом с этим сооружением.\n{activate} - Передвинуть Врата ветра.
259.cardName;Зловредный дух
259.cardText;{gift} - Похищает 2 ед. здоровья у противника.
260.cardName;Кхалим, Небесный Гений
260.cardText;{flying}, {charge|2}\nКогда это существо атакует бога, добавьте карту <b>Последователя Кхалима</b> в вашу руку. Стоимость этой карты снижена до {faeria|0}.
261.cardName;Убийственная тень
262.cardName;Смертоносный упырь
262.cardText;{last_words} - Вы получаете {faeria|2}.
263.cardName;Последний кошмар
263.cardText;Уничтожьте существо.
264.cardName;Договор на душу
264.cardText;Вы получаете 2 ед. урона и {faeria|2}.
265.cardName;Алтарь душ
265.cardText;{activate} - Нанесите себе 2 ед. урона и добавьте карту <b>Убийственной тени</b> 6/1 в вашу руку. Стоимость этой карты снижена до {faeria|2}.
266.cardName;Шайтан-демон
266.cardText;{production} - Нанесите себе 2 ед. урона.
267.cardName;Небесный страж Кхалима
267.cardText;{flying}\nМожет быть призван рядом с вашими существами.
268.cardName;Обучение Кхалима
268.cardText;Существо получает +1/+0 и способности {flying} и {charge|2}.
273.cardName;Солдат ветра
273.cardText;{haste}, {charge|3}\nСолдат ветра умирает в конце хода.
274.cardName;Небесный капитан драккара
274.cardText;{flying}\nКаждый раз, когда вы берёте существо со способностью {flying}, оно получает +1/+1.
275.cardName;Посланник ветророжденных
275.cardText;{flying}.\nПолучает +2/+0, пока у вас есть другое летающее существо.
276.cardName;Шайтан-падальщик
276.cardText;Стоимость этой карты снижается на {faeria|2}, если вы атаковали бога на этом ходу.
277.cardName;Песчаный дракон
277.cardText;{flying}, {charge|2}\nНе может собирать фейри.
278.cardName;Первый воитель ветророжденных
278.cardText;{flying}, {charge|5}\n{gift} - Передвиньте существо.
287.cardName;Колосс урагана
287.cardText;{dash|3}\nСтоит на {faeria|1} меньше за каждую карту события, которую вы разыграли в этой игре (минимальная стоимость: {faeria|5}).
288.cardName;Азари, Ярость Пустыни
288.cardText;{flying}, {charge|2}\n{gift} - Похищает 2 ед. атаки у всех существ противника.
289.cardName;Элементаль воздуха
289.cardText;{flying}\n{gift} - Создаёт {yellow}
290.cardName;Фея солнечного шёлка
290.cardText;{flying}\nЭто существо получит +3/+1 и {charge|3}, когда вы впервые возьмёте карту события.
291.cardName;Небесная башня
291.cardText;{activate} - Выбранное существо получает {charge|3} до конца хода. Это строение получает 1 ед. урона.
292.cardName;Огонёк ветра
292.cardText;{flying}, {charge|3}\nПолучает +3/+0 каждый раз, когда дружественное существо атакует бога.
293.cardName;Порыв ветра
293.cardText;Передвиньте дружественное существо или доплатите {faeria|2}, чтобы передвинуть вражеское существо.
294.cardName;Золотой вольер
294.cardText;Все ваши летающие существа получают +1/+0.
295.cardName;Фанатичный крестоносец
295.cardText;{charge|2}\nПока находится в вашей колоде или руке, получает +1/+1 каждый раз, когда дружественное существо атакует бога.
296.cardName;Келдранский солдат
297.cardName;Повелитель пустошей
297.cardText;{gift} - Вы можете принести в жертву другое существо, чтобы получить {faeria|3}.
298.cardName;Шайтан-убийца
298.cardText;{deathtouch}\n{gift} - Вы можете принести в жертву другое существо, чтобы дать этому существу способность {protection}.
299.cardName;Демон-погонщик
299.cardText;{gift} - Вы можете принести в жертву другое существо, чтобы призвать на его место <b>Крылатого демона</b> 5/2 со способностью {flying}.
300.cardName;Смертоход
300.cardText;{deathtouch}\nЧтобы призвать это существо, необходимо принести в жертву другое.
301.cardName;Обет забвения
301.cardText;Пожертвуйте существо. Призовите 6/3 <b>Всадника Забвения</b> со способностью {charge|3} на том же месте.
302.cardName;Кошмарный шайтан
302.cardText;{charge|2}\nКаждый раз, когда погибает дружественное существо, это существо похищает его атаку.
303.cardName;Иона, Всеми Любимая
303.cardText;{flying}\nНе может быть атакована.
304.cardName;Крылатый демон
304.cardText;{flying}
305.cardName;Рыцарь Забвения
305.cardText;{charge|3}
306.cardName;Кража жизни
306.cardText;Похитьте 2 ед. здоровья у существа.
307.cardName;Удушающий песок
307.cardText;Уничтожить существо с силой атаки 3 или менее.
308.cardName;Врата рока, Дверь забвения
308.cardText;Когда у Врат становится 13 или более ед. здоровья, уничтожьте их и призовите <b>Острегота</b> на его месте.\n{activate} - Пожертвуйте существо, возьмите карту, это строение получает +0/+2.
309.cardName;Лучник урагана
309.cardText;{ranged_attack}\nПолучает +1/+0 до конца хода каждый раз, когда вы разыгрываете карту события.
310.cardName;Штурмовик урагана
310.cardText;{charge|2}\nПолучает +2/+0 до конца хода каждый раз, когда вы разыгрываете карту события (не более +6/+0).
311.cardName;Высший хищник
311.cardText;{jump}\n{gift} - Получает атаку и здоровье по числу атаки и здоровья любого существа.
312.cardName;Ледяное чудище
312.cardText;{taunt}, {protection}
313.cardName;Дух-близнец
313.cardText;{flying}\nМожет быть призван рядом с любым вашим существом.\n{gift} - Призвать ещё одного <b>Духа-близнеца</b>.
314.cardName;Зверь-шиполом
314.cardText;{dash|2}\n{gift} - Случайным образом распределяет 4 ед. урона между врагами. Случайным образом распределяет +4/+4 между вашими существами.
315.cardName;Пожиратель душ
315.cardText;{flying}, {charge|3}\nПока находится в вашей колоде или руке, получает +1/+1 за каждое погибающее дружественное существо.
316.cardName;Опаляющий призрак
316.cardText;{flying}, {haste}, {charge|2}\n{combat} - Наносит 3 ед. урона вашему противнику.
317.cardName;Габрианский солдат
317.cardText;{aquatic}, {charge|3}
318.cardName;Лягушка
318.cardText;{jump}
319.cardName;Картограф
319.cardText;{last_words} - Создаёт {green}{blue}{red}{yellow} на случайных местах.
321.cardName;Пожиратель небес
321.cardText;{flying}
322.cardName;Свирепый степной як
322.cardText;{haste}
323.cardName;Исследование
323.cardText;Создать степь. Вы получаете {faeria|2}.
324.cardName;Свирепый Як
324.cardText;{haste}
325.cardName;Колючий огонёк
325.cardText;Получает +1/+0 каждый раз, когда вы создаёте {green}
328.cardName;Острегот, Длань Забвения
328.cardText;{flying}, {haste}, {charge|13}\nКолодцы фейри опустошены.
329.cardName;Бандит-головорез
330.cardName;Дикий всадник
331.cardName;Мудрость
331.cardText;Возьмите 2 карты.
332.cardName;Исцеляющая молитва
332.cardText;Вы получаете 3 оч. жизни.
333.cardName;Мной играть нельзя
333.cardText;Ты не можешь сыграть меня.
334.cardName;Великая мудрость
334.cardText;Возьмите ПЯТЬ карт.
335.cardName;Мятежный пращник
335.cardText;{gift} - Наносит 2 ед. урона вашему противнику.
336.cardName;Дух Нексуса
336.cardText;{last_words} - Уменьшает здоровье хозяина до 1.
337.cardName;Буря божественного пламени
337.cardText;Нанести 10 ед. урона ВСЕМ ничтожным существам противника.
338.cardName;Сила прилива
338.cardText;Сдвиньте землю.
339.cardName;Стремительный ветер
339.cardText;Передвиньте ваше существо.
340.cardName;Силандский воин
342.cardName;Кодзин, Святое Пламя
342.cardText;{divine}\nПока Кодзин в игре, он успокаивает своего господина Пайроса.\n{production} - Кодзин теряет 1 ед. здоровья.
350.cardName;Три Желания
350.cardText;Вы получаете 3 ед. здоровья и копии трёх верних карт вражеской колоды. Каждая из них стоит на {faeria|1} меньше и становится {wild}. Нельзя пожелать новых желаний.
351.cardName;Мятежный планерист
351.cardText;{flying}, {dash|2}\nНе может собирать фейри.
352.cardName;Сияющий, Имперское воздушное судно
352.cardText;{flying}, {dash|3}\nСтоимость Сияющего равняется вашему текущему здоровью.\n{gift} - Вы получаете 1 ед. здоровья за каждую карту в вашей руке.
353.cardName;Запретная библиотека
353.cardText;{production} - Возьмите карту. Вы получаете {faeria|1} и 2 ед. урона.
354.cardName;Похититель снов
354.cardText;{dash|3}\n{gift} - Текущее здоровье бога становится равным 10.
355.cardName;Свирепый кодама
355.cardText;{jump}\nНе может собирать фейри.\nВы получаете 5 ед. здоровья каждый раз, когда это существо атакует бога.
356.cardName;Охотник на богов
356.cardText;{jump}\nМожет атаковать только богов.\nНе может собирать фейри.
357.cardName;Песнь крови
357.cardText;Стоимость случайной карты в вашей руке снижается на {faeria|2} 4 раза. Наносит вам 4 ед. урона.
358.cardName;Адское пламя
358.cardText;Случайным образом распределяет 9 ед. урона между всеми врагами.
359.cardName;Судный день
359.cardText;Ваш запас фейри становится равным {faeria|0}. Уменьшить ваше здоровье вдвое (округляется в меньшую сторону). Уничтожить ВСЕ существа и строения. Закончить ход.
360.cardName;Назойливая мошка
360.cardText;{flying}\nНе может собирать фейри.\n{last_words} - Вы получаете 2 ед. урона. Вызвать это существо в случайном месте поля боя.
361.cardName;Длиннорогий як
361.cardText;{last_words} - Следующая карта существа, которую вы возьмёте, получает атаку, равную атаке Длиннорогого яка.
362.cardName;Время легенд
362.cardText;Возьмите верхнюю легенду из вашей колоды. Если их там нет, вы получаете случайную легенду в руку. Она становится {wild}.
363.cardName;Тритон-наставник
363.cardText;{jump}\n{gift} - Следующее призванное вами существо со способностью {jump} получает +1/+1.
364.cardName;Глас истины
364.cardText;{gift} - Может восстановить изначальные атаку и здоровье выбранного существа.
365.cardName;Геральд войны
365.cardText;{combat} - Следующее существо со способностью {combat}, которое вы призовёте, получит +1/+1.
366.cardName;Ведущий сквозь туман
366.cardText;{flying}\nДружественные существа, призванные рядом с этим существом, получают {dash|2} и {flying}.
367.cardName;Божественная cтражница
367.cardText;{divine}\nКогда вы должны получить смертельный урон, предотвратите его и уничтожьте это существо.
368.cardName;Приказ Императора
368.cardText;Выберите цель. Если это:\n- существо - оно получает -2/-1.\n- строение - оно получает 3 ед. урона.\n- бог - он получает 4 ед. здоровья.
369.cardName;Иллюзия величия
369.cardText;{charge|2}\nПока находится в вашей руке или колоде, каждый раз, когда вы призываете существо стоимостью {faeria|1} или менее, получает атаку и здоровье по числу атаки и здоровья этого существа.
370.cardName;Лесной охотник
370.cardText;{gift} - Может сразиться с вражеским существом.
371.cardName;Обед Крога
371.cardText;Ваш Крог стоит на {faeria|7} меньше. Когда вы вызываете Крога, уничтожьте это существо.\n{gift} - Если Крог мёртв или находится в вашей колоде, положите его в вашу руку.
372.cardName;Улыбка Ионы
372.cardText;Возьмите два верхних существа со способностью {flying} из вашей колоды.
400.cardName;Осколок Пандоры
401.cardName;Пандора пробуждается!
401.cardText;Пандора открыта! Оба игрока получают <b>сокровище</b>!
402.cardName;Найдено сокровище!
402.cardText;Оба игрока получают <b>сокровище</b>!\nВозьмите карту.
403.cardName;Тёмный кристалл
403.cardText;Похитьте 4 ед. здоровья у противника. Нанесите 3 ед. урона всем существам противника. Вы берёте 2 карты.
404.cardName;Боевой рог яков
404.cardText;Призвать трёх 2/4 <b>Свирепых Степных Яков</b> со способностью {haste}.
405.cardName;Астральное оружие
405.cardText;{flying}\n{gift} - Уничтожает все соседние земли, существа и строения.
406.cardName;Окарина
406.cardText;После этого хода вы делаете ещё один.
407.cardName;Лампа Джинна
407.cardText;{options|Добавить 3 случайных зелёных карты в вашу руку. Их стоимость снижается на {faeria|3}.|Добавить 3 случайных синих карты в вашу руку. Их стоимость снижается на {faeria|3}.|Добавить 3 случайных красных карты в вашу руку. Их стоимость снижается на {faeria|3}.|Добавить 3 случайных жёлтых карты в вашу руку. Их стоимость снижается на {faeria|3}.}\nВыберите цвет. Добавить 3 случайных карты выбранного цвета в вашу руку. Их стоимость снижается на {faeria|3}.
408.cardName;Габрианская урна
408.cardText;Возьмите 2 карты и получите {faeria|2}.
409.cardName;Зеркало Ионы
409.cardText;Добавьте две копии последнего <b>сокровища</b>, разыгранного вашим противником, в вашу руку.
410.cardName;Кровокаменный голем
410.cardText;{production} - Восполнить все колодцы фейри.\nНаносит 1 ед. урона противнику каждый раз, когда кто-то собирает фейри.
411.cardName;Дворцовая чаша
411.cardText;Случайным образом распределяет +6/+6 между вашими существами.
412.cardName;Барабан Эредона
412.cardText;Все ваши существа получают +2/+2, где бы они ни находились.
413.cardName;Облачная машина
413.cardText;Дружественные существа имеют +1/+0 и способности {flying} и {jump}.
414.cardName;Кольцо власти
414.cardText;{options|Превратить землю в {green}. Вы получаете контроль над этой землёй.|Превратить землю в {blue}. Вы получаете контроль над этой землёй.|Превратить землю в {red}. Вы получаете контроль над этой землёй.|Превратить землю в {yellow}. Вы получаете контроль над этой землёй.}\nИзменить цвет земли по вашему выбору. Вы получаете контроль над этой землёй.
415.cardName;Слеза мира
415.cardText;Превратить существо, атаковавшее бога на этом ходу, в <b>Пожирателя небес</b> 10/10 со способностью {flying}.
416.cardName;Заводной як
416.cardText;{dash|2}
417.cardName;Механизм равноденствия
417.cardText;{gift} - Вы получаете 6 ед. здоровья.\n{last_words} - Наносит 6 ед. урона противнику.
418.cardName;Роза Магды
418.cardText;Вы получаете контроль над существом противника.
419.cardName;Чайник Авроры
419.cardText;Изменить атаку и здоровье всех дружественных существ на 6/6.
420.cardName;Счастливый талисман
420.cardText;Замешать в вашу колоду 3 случайных <b>сокровища</b>.
421.cardName;Секрет силы
421.cardText;Выбранное существо получает +4/+4 и способности {flying} и {charge|3}.
422.cardName;Хранитель пустоты
422.cardText;{gift} - Уничтожает вашу колоду.
423.cardName;Кристаллический дракон
423.cardText;{flying}, {charge|3}
424.cardName;Пламенеющий рубин
424.cardText;{options|Нанести 3 ед. урона.|Нанести 3 ед. урона всему.}\n- Нанести 3 ед. урона.\n- Нанести 3 ед. урона всему.
425.cardName;Молот разрушения
425.cardText;Нанести 5 ед. урона и замешать <b>Молот</b> в вашу колоду.
426.cardName;Вулканический сотрясатель
426.cardText;{gift} - Наносит 2 ед. урона всем врагам. Получает +2/+2 за каждого уничтоженного таким образом врага.
427.cardName;Жажда смерти
427.cardText;Уничтожить выбранное существо. Его владелец получает {faeria|1} по числу стоимости этого существа и берёт две карты.
428.cardName;Молния в бутылке
428.cardText;Нанести 6 ед. урона существу и 3 ед. урона всем соседним врагам.
429.cardName;Танцующий клинок
429.cardText;{flying}, {jump}\nВ конце вашего хода наносит 3 ед. урона всем соседним врагам.
430.cardName;Коса рока
430.cardText;Уничтожить существо. Призвать на его место <b>Убийственную тень</b> 6/1.
431.cardName;Самоцветная сорока
431.cardText;{flying}, {haste}\nКаждый раз, когда это существо атакует бога, вы получаете случайное <b>Сокровище</b> в руку.
432.cardName;Колесо хаоса
432.cardText;{options|Уничтожить 2 незанятых земли.|Уничтожить существо с силой атаки 5 или менее.|Получить +7 к здоровью.}\n- Уничтожить 2 незанятых земли.\n- Уничтожить существо с силой атаки 5 или менее.\n- Получить +7 к здоровью.
433.cardName;Медальон Улани
433.cardText;Выберите дружественное существо. Все другие ваши существа становятся его копией.
500.cardName;Обезьяна-гений
500.cardText;{taunt}\n{gift} - Получает +2/+2 каждый раз, когда вражеское существо собирает фейри в течение следующего хода противника.
501.cardName;Бесстрашный исследователь
501.cardText;{gift} - Добавляет карту <b>Исследование</b> в руку каждого игрока.
502.cardName;Кристальный цветок
502.cardText;{gift} - {swallow} существо.\nПолучает 1 ед. урона в конце каждого вашего хода.
503.cardName;Яккапульта
503.cardText;{ranged_attack}\nКаждый раз, когда это существо атакует, призывает <b>Свирепого яка</b> 2/2 на случайном месте рядом с целью.
504.cardName;Гоки, Дружелюбный шахтёр
504.cardText;{gift} - Добавить случайное <b>Сокровище</b> в руку вашего союзника.
505.cardName;Мёби, Лазурный небесный кит
505.cardText;{flying}, {charge|3}\nНе может собирать фейри.\n{gift} - {swallow} существо.
506.cardName;Иглобрюх
506.cardText;{flying}, {dash|2}\n{gift} - {swallow} союзное существо. Умирает, если это невозможно.
507.cardName;Император Кайос
507.cardText;{production} - Все существа противника получают -1/-0. Затем уничтожить всех вражеских существ, атака которых равна 0.
508.cardName;Райское семя
508.cardText;{flying}, {dash|1}\n{gift} - {options|Когда это существо собирает фейри, находясь над океаном, оно умирает и создаёт {green}|Когда это существо собирает фейри, находясь над океаном, оно умирает и создаёт {blue}|Когда это существо собирает фейри, находясь над океаном, оно умирает и создаёт {red}.|Когда это существо собирает фейри, находясь над океаном, оно умирает и создаёт {yellow}.} цвет.\nКогда это существо собирает фейри, находясь над океаном, оно умирает и создаёт землю выбранного цвета.\n
509.cardName;Древо Вечной Жизни
509.cardText;{production} - Вы получаете +7 к здоровью.\nСлучайное существо в вашей руке получает +7/+7.
510.cardName;Дар племени Ракоа
510.cardText;Выбранное существо получает +1/+1 за каждое дружественное существо.
511.cardName;Любознательный биомант
511.cardText;{gift} - Вы берёте одну карту существа (кроме синих) из вашей колоды за каждое существо под контролем врага.
512.cardName;Фугоро, Торговец чудесами
512.cardText;{jump}\n{gift} - {options|Вы получаете <b>Урну Габрии</b>|Вы получаете <b>Кристаллического дракона</b>|Вы получаете <b>Медальон Улани</b>}\n- Вы получаете <b>Урну Габрии</b>\n- Вы получаете <b>Кристального Дракона</b>\n- Вы получаете <b>Медальон Улани</b>
513.cardName;Прыгающая рыба фугу
513.cardText;{jump}\n{gift} - Получает +3/+3, если под вашим контролем 8 или более особых земель.
514.cardName;Абордажный крюк
514.cardText;Ваше существо получает способность {ranged_attack} на этот ход. После того, как оно атакует, вы можете перенести его на землю рядом с целью.
515.cardName;Ракоанский весельчак
515.cardText;{last_words} - Вы получаете {faeria|1} по числу атаки этого существа.
516.cardName;CAP-10, Небесный пират
516.cardText;{combat} - Вы берёте <b>Дар стали</b> из вашей колоды. Если в колоде их нет, замешайте туда один.
517.cardName;Сверкающий лосось
517.cardText;{divine}, {flying}, {haste}, {charge|2}\nНе может собирать фейри.\nВ конце вашего хода - уничтожьте это существо и возьмите карту.
518.cardName;Наездник на скате
518.cardText;{flying}\n{last_words} - Призывает <b>Ската</b> 2/2 со способностями {flying} и {charge|2} на месте смерти.
519.cardName;Истану, Вечный свет
519.cardText;{flying}, {charge|3}\n{last_words} - Случайное дружественное существо становится новой <b>Истану</b>.
520.cardName;Изменчивый осьминог
520.cardText;{options|Получает +2/+0.|Получает +0/+2.|Получает {jump}.|Получает {taunt}.}, дважды:\n- Получает +2/+0\n- Получает +0/+2\n- Получает {jump}\n- Получает {taunt}
521.cardName;Лягушкометатель
521.cardText;{gift} - Сразиться с существом противника. Призывает <b>Лягушку</b> 2/2 со способностью {jump} на случайной клетке рядом с целью.
522.cardName;Путь в Рай
522.cardText;{options|Создать {green}|Создать {blue}|Создать {red}|Создать {yellow}} - Создать особую землю.\nПервое существо, призванное на этой земле на этом ходу, получает +2/+0.
523.cardName;Изумрудная саламандра
523.cardText;{gift} - Наносит 2 ед. урона соседним вражеским существам. Даёт соседним дружественным существам +2/+2.
524.cardName;Небесная Рыба-меч
524.cardText;{flying}, {taunt}, {dash|1}
525.cardName;Стая карася
525.cardText;{flying}\nМожет быть призван рядом с дружественными существами.\n{gift} - Призвать <b>Стаю карася</b> за каждую погибшую в этой игре.
526.cardName;Хранитель снов
526.cardText;{taunt}\n{gift} - Снижает стоимость всех карт в вашей руке на {faeria|1}, затем замешивает их в вашу колоду и берёт оттуда столько же карт.
527.cardName;Черепаха с самоцветным панцирем
527.cardText;{gift} - Вы берёте карту, затем добавляете себе в руку её копию. Их стоимость уменьшается на {faeria|2}.
528.cardName;Полёт скатов
528.cardText;Когда вы берёте эту карту, вы добавляете себе в руку её копию.\nПризвать <b>Ската</b> 2/2 со способностями {flying} и {charge|2}.
529.cardName;Буксировщик Сверхнебесья
529.cardText;{flying}, {dash|1}\nКаждый раз, когда это существо покидает клетку земли, оно перетаскивает её за собой.
530.cardName;Вождь Ракоа
530.cardText;{dash|1}\nСоседние дружественные существа имеют +1/+0.
531.cardName;Небесная актиния
531.cardText;{flying}, {taunt}\nМожет быть призвана на любом месте.
532.cardName;Улани, Шаман Сверхнебесья
532.cardText;{gift} - Вы берёте зелёную, синюю, красную и жёлтую карты из своей колоды.
549.cardName;Крушитель реальности
549.cardText;{flying}\n{production} - Это строение получает +0/+2.\nКогда у этого строения становится 10 или более ед. здоровья, <b>сломать игру</b>.
550.cardName;Кристальный цветок
550.cardText;Внутри заключён пленник.
551.cardName;Кристальный цветок
551.cardText;Внутри заключён пленник.
552.cardName;Кристальный цветок
552.cardText;Внутри заключён пленник.
553.cardName;Летающий скат
553.cardText;{flying}, {charge|2}
555.cardName;Свирепый як
556.cardName;Вы - победитель!
556.cardText;Нанесите 100 ед. урона противнику.
557.cardName;Император Кайос Великий
557.cardText;{production} - Все вражеские существа получают -1/-0. Затем уничтожить всех вражеских существ с атакой 0.
601.cardName;Лайя, Госпожа печалей
601.cardText;{deathtouch}\n{last_words} - Вызвать <b>Мерцающую статую</b> на месте Лайи.
602.cardName;Имперский наездник
602.cardText;{flying}, {charge|2}\n{corrupt} - Получает +2/+2.
603.cardName;Чокнутая обезьяна
603.cardText;{gift} - Опустошить все колодцы фейри. Это существо получает +1/+1 за каждый опустошённый колодец.
604.cardName;Имперский пехотинец
604.cardText;{corrupt} - Получить контроль над землёй под этим существом.
605.cardName;Заблудившийся исследователь
605.cardText;{corrupt} - Возьмите карту и получите {faeria|1}.
606.cardName;Моровой рыцарь
606.cardText;Каждый раз, когда это существо получает урон, вы получаете такое же количество урона.
607.cardName;Фея теневого шёлка
607.cardText;{flying}, {charge|2}, {protection}\n{corrupt} - Возьмите две карты событий из вашей колоды.
608.cardName;Кайос, Обезумевший Сверхразум
608.cardText;{divine}\nАтака Кайоса всегда равна его здоровью.\n{corrupt} - Похищает 1 ед. здоровья у ВСЕХ.
609.cardName;Дождь из рыб
609.cardText;Призвать шесть <b>Рубиновых рыб</b> на случайных местах. Каждая рыба, попавшая на землю, наносит 1 ед. урона соседним врагам.
610.cardName;Летучая пиранья
610.cardText;{flying}\nПолучает {deathtouch} и {jump}, когда погибает соседнее существо.
611.cardName;Чудовищная гидра
611.cardText;{corrupt} - Призвать 2/1 <b>Голову гидры</b> со способностью {haste} на каждой соседней земле. Они погибают в конце хода.
612.cardName;Одержимая ива
612.cardText;{taunt}
613.cardName;Гниющий вепрь
613.cardText;{dash|1}\n{corrupt} - Возьмите верхнее существо с 5 или более ед. здоровья из вашей колоды. Оно получает +2/+2.
614.cardName;Нэкомата
614.cardText;{taunt}\n{corrupt} - Удвоить атаку этого существа.
615.cardName;Балдурион, Злой Архикузнец
615.cardText;{protection}\n{corrupt} - Добавить <b>Молот разрушения</b> в вашу руку.
616.cardName;Дух злобы
616.cardText;{last_words} - Вы получаете 2 ед. урона.
617.cardName;Разгром
617.cardText;Нанести 9 ед. урона вражескому существу или строению.
618.cardName;Демонический лосось
618.cardText;{haste}, {flying}, {charge|2}\nНе может собирать фейри.\nПолучает +1/+1 каждый раз, когда атакует бога.
619.cardName;Похищение души
619.cardText;Похитить 1 ед. здоровья у вражеского существа. Если оно погибло, добавьте его копию в вашу руку. Эта карта становится {wild}.
620.cardName;Солем
620.cardText;{flying}, {divine}\n{corrupt} - Уничтожить колодец фейри.
622.cardName;Мать Всех Яков
622.cardText;{gift} - Призывает двух 4/4 <b>Яков-стражей</b> со способностями {taunt} и {flying} рядом с Матерью.\nСтоит на {faeria|1} меньше за каждого дружественного яка, погибшего за эту игру.
623.cardName;Поборник Ракоа
623.cardText;{dash|2}\n{gift} - Получает +1/+1 за каждого другого дружественного ракоанца в игре.
624.cardName;Фугу-сирота
624.cardText;Имеет +2/+0 и способность {jump}, пока под вашим контролем есть другой зверь.
625.cardName;Рапала, Дурерыба
625.cardText;{aquatic}\n{gift} - Противник получает полную руку <b>Рубиновых рыб<\b>. Ну и придурок.
626.cardName;Сапфировый як
626.cardText;Каждый раз, когда дружественный як собирает фейри из вражеского колодца, он получает +2/+2.
627.cardName;Травля
627.cardText;Дружественный зверь получает +2/+0 и сражается с вражеским существом.
628.cardName;Изумрудный як
628.cardText;{gift} - Призывает 1/1 <b>Ячёнка</b> со способностями {taunt} и <b>Не может собирать фейри</b> на степи под вашим контролем.
629.cardName;Мажината, Дух Вечной Жизни
629.cardText;{protection}, {divine}\n{gift} - Дружественное существо проглатывает Мажинату. Оно получает +5/+5 и способности {flying} и {charge|2}.
630.cardName;Лавовый аксолотль
640.cardName;Ракоакоптер
640.cardText;{flying}, {dash|1}\n{gift} - Наносит 2 ед. урона соседним вражеским существам.
641.cardName;Рубиновый як
641.cardText;Каждый раз, когда дружественный як получает урон, наносит 1 ед. урона противнику.
642.cardName;Призрачный дракон
642.cardText;{flying}, {charge|2}, {protection}
643.cardName;Крылатка
643.cardText;{flying}, {deathtouch}
644.cardName;Топазовый як
644.cardText;Может быть призван рядом с дружественным яком, при этом получает способность {haste}.
645.cardName;Боевая машина Ракоа
645.cardText;{charge|2}\n{gift} - Может {swallow} другого дружественного ракоанца, чтобы получить +2/+0.
646.cardName;Ракоанец-канонир
646.cardText;{gift} - Вы можете пожертвовать другого ракоанца, чтобы нанести 3 урона вражескому существу.
647.cardName;Ракоанец-иллюзионист
647.cardText;{gift} - Может превратить другого дружественного ракоанца в 4/4 <b>Песчаного дракона</b> со способностями {flying} и {charge|2} до начала вашего следующего хода.
648.cardName;Ракоанцы-заступники
648.cardText;{last_words} - Призвать 1/1 ракоанца на том же месте.
649.cardName;Предводитель войск Ракоа
649.cardText;{combat} - Случайный ракоанец в вашей руке получает +1/+1.
650.cardName;Ракоанский вербовщик
650.cardText;{gift} - Добавить 1/1 ракоанца в вашу руку. Он стоит {faeria|0}.
653.cardName;Башня проклятий
653.cardText;{activate} - Выбранное существо получает -1/-1. Это строение получает 1 ед. урона.
654.cardName;Шозен, Пожиратель Неба
654.cardText;{flying}, {charge|3}\nКогда Шозен впервые уничтожает существо в бою, вместо этого он проглатывает это существо, и вы получаете контроль над ним.
655.cardName;Имперский форпост
655.cardText;Все дружественные нейтральные существа имеют +1/+0.
656.cardName;Разрушительный залп
656.cardText;Нанести 2 ед. урона существу. Если это существо имеет способность {flying}, вместо этого нанести ему 5 ед. урона.
658.cardName;Сияющий, Бич Сверхнебесья
658.cardText;{flying}\n{gift} - Вражеские существа не могут передвигаться в следующий ход.
659.cardName;Разрывной бегемот
659.cardText;{combat} - Наносит 2 ед. урона всем соседним врагам.
660.cardName;Дрессировщик
660.cardText;{gift} - Уменьшает стоимость случайного Зверя в вашей руке на {faeria|5}.
661.cardName;Кобольд-контрабандист
661.cardText;{corrupt} - Призывает 4/3 <b>Пищу Сайфера</b> на случайной соседней земле.
662.cardName;Гнев Игнуса
662.cardText;Случайным образом распределить {dynamic_number|0|0} ед. урона между врагами.\nПока находится в вашей руке или колоде, увеличивает свой урон на 1 за каждый раз, когда вы выбирали +{faeria|1} на колесе сил.
663.cardName;Игнусит-ритуалист
663.cardText;{gift} - Обновляет ваше колесо сил.\n{corrupt} - Обновляет ваше колесо сил.
664.cardName;Разжигатель пламени
664.cardText;Получает +1/+1 каждый раз, когда вы выбираете +{faeria|1} на колесе сил.
665.cardName;Смертнебесный вредитель
665.cardText;{gift} - Сражается с вашим противником.
666.cardName;Мерзкий дутень
666.cardText;{flying}\n{corrupt} - Добавляет <b>Мерзкого дутня</b> в вашу руку.
667.cardName;Моровой призрак
667.cardText;{charge|2}\n{production} - Получает +1/+1, если в руке вашего противника 4 или более карт.
668.cardName;Несущий прах
668.cardText;{corrupt} - Увеличивает стоимость всех карт в руке противника на {faeria|1}.
669.cardName;Смертнебесный стервятник
669.cardText;{flying}\n{gift} - Уничтожает существо с 1 ед. здоровья и похищает его атаку.
671.cardName;Громовой угорь
671.cardText;{flying}\n{gift} - Может нанести 2 ед. урона существу. Если это существо находится над океаном, вместо этого наносит ему 4 ед. урона.
676.cardName;Бродячий як
676.cardText;{gift} - Создаёт степь.\n{dash|1}
677.cardName;Пастушка яков
677.cardText;{gift} - Два дружественных яка получают +2/+0 и {charge|2} до конца хода.
678.cardName;Як Сверхнебесья
678.cardText;{flying}\nИмеет +2/+2, пока у вас 6 или более степей.
679.cardName;Раздувшаяся жаба
679.cardText;{jump}\nПоявляется в игре с проглоченной вражеской <b>Лягушкой</b> 2/2 со способностью {jump} внутри.
680.cardName;Отражающий фантом
680.cardText;{gift} - Превратить существо противника в 5/3 <b>мотнаф йищюажартО</b>.
685.cardName;Куколка
685.cardText;{gift} - {swallow} дружественное существо.\n{production} - Проглоченное существо получает +1/+1.\n{activate} - Уничтожить это строение.
686.cardName;Вердуранский посланник
686.cardText;{last_words} - Все существа в вашей руке получают +1/+1.
692.cardName;Защитник смиренных
692.cardText;{gift} - Другое дружественное существо с атакой, равной 1, получает +2/+2 и способность {divine}.
694.cardName;Голова гидры
694.cardText;{haste}\nУмирает в конце хода.
695.cardName;Як-страж
695.cardText;{flying}, {taunt}
696.cardName;Ячёнок
696.cardText;{taunt}\nНе может собирать фейри.
697.cardName;Песчаный дракон
697.cardText;{charge|2}, {flying}\nНе может собирать фейри.
698.cardName;мотнаф йищюажартО
698.cardText;{gift} - Превратить другое дружественное существо в 5/3 <b>Отражающего фантома</b>.
699.cardName;Ракоанец
9991.cardName;Дать Спешку
9992.cardName;Дай мне фейри
9992.cardText;Получите {faeria|100} и создайте землю каждого цвета случайным образом.
9993.cardName;Умри!
9993.cardText;Нанести 100 ед. урона.
9994.cardName;Гора
9995.cardName;Озеро
9996.cardName;Пустыня
9997.cardName;Лес
9998.cardName;Степь
9999.cardName;Сфера
682.cardName;Владыка приливов
682.cardText;{jump}\nМожет быть призван рядом с дружественными тритонами, при этом получает +1/+1.
670.cardName;Одержимая оболочка
670.cardText;В конце вашего хода, если в руке вашего противника 4 или более карт, возьмите карту и похитьте 1 ед. здоровья у вашего противника.
675.cardName;Ламорог
675.cardText;{combat} - Каждый игрок берёт карту и получает 2 ед. здоровья.
681.cardName;Тритон-тактик
681.cardText;{jump}\n{gift} - Получает +1/+0 за каждого соседнего дружественного тритона.
683.cardName;Живой пир
683.cardText;{dash|1}\nВ конце хода случайное соседнее дружественное существо проглатывает Пир и получает +1/+1.
688.cardName;Цветущий кодама
688.cardText;{gift} - Создаёт {green}{green}{green} в случайных местах.
689.cardName;Ветролиса
689.cardText;Когда это существо передвигается на {green}, вы можете переместить его на любой лес под вашим контролем.
691.cardName;Празднование победы
691.cardText;Каждый игрок получает на {faeria|1} больше в начале каждого хода до конца игры.
9989.cardName;Дать Контроль нал Землёй
9990.cardName;Дать Контроль
657.cardText;{flying}\nКаждая карта в вашей руке является {wild}.\n{gift} - Добавить случайного члена экипажа Гаганы в вашу руку. Он стоит {faeria|0}.
657.cardName;Гагана, Радужный Птицелёт
652.cardText;Когда ваше существо использует {corrupt}, вы похищаете у противника 2 ед. здоровья.
652.cardName;Порабощённый жрец
9988.cardText;Существо получает способность {haste}.
9988.cardName;В бой!
9987.cardText;{activate} - Возьмите карту.
9987.cardName;Башня мудрости
690.cardText;Когда Двордиа передвигается на {green}, вы можете переместить его на любой {green} под вашим контролем, при этом он получает +1/+1.
690.cardName;Двордиа, Вождь племени Светлой Лисы
687.cardText;{gift} - Следующее существо, которое вы возьмёте, получит +2/+4.
687.cardName;Жрец Вечной жизни
684.cardText;Это существо может собирать фейри в ход, в который оно было призвано.\n{gift} - Вы можете передвинуть землю под этим существом.
684.cardName;Коралловый головастик
674.cardText;{gift} - Если у вас нет других существ, получает {taunt}, {protection} и {divine}.
674.cardName;Улани, Защитница Сверхнебесья
673.cardText;{gift} - Если в вашей колоде не осталось существ, замешать в неё Сияющего, Имперское воздушное судно, и десять случайных нейтральных существ. Они получают +2/+2.
673.cardName;Банон, Капитан Сияющего
9986.cardText;Сбрасывает его руку
9986.cardName;Показать руку ИИ
800.cardText;Возьмите карту.\nПосле розыгрыша трёх <b>Карт Сокровищ<\b> - вместо этого {discover} <b>Сокровище Гаганы</b>.\nКарт разыграно: {dynamic_number|0|0}.
800.cardName;Карта сокровищ
749.cardText;Би-бип.
749.cardName;Мех
746.cardText;Бип.
746.cardName;Мех
745.cardText;{taunt}, {divine}
745.cardName;Страж
744.cardText;{taunt}, {divine}
744.cardName;Страж
743.cardText;Призвать двух 5/5 Стражей со способностями {taunt} и {divine}.
743.cardName;Ключ Стражей
742.cardText;{discover} карту существа. Эта карта получает +6/+6 и становится {wild}.
742.cardName;Ключ Гигантов
741.cardText;{options|{discover} зелёное существо.|{discover} синее существо.|{discover} красное существо.|{discover} жёлтое существо.}\n цвет. {discover} карту существа этого цвета. Эта карта становится {wild} и стоит на {faeria|3} меньше.
741.cardName;Ключ Стихий
740.cardText;{divine}, {flying}, {dash|5}\nДолжно быть призвано рядом с дружественным существом.
740.cardName;Копьё Стражей
739.cardText;Карты в вашей руке стоят на {faeria|1} меньше.
739.cardName;Изваяние повиновения
738.cardText;{flying}, {dash|5}\n{gift} - Заполнить вашу руку копиями карты <b>Порыв ветра</b>. Каждая из них становится {wild}.
738.cardName;Волшебный ковёр
737.cardText;{gift} - {swallow} дружественное существо.\n{production} - Проглоченное существо получает +4/+4.\n{activate} - Уничтожить это строение.
737.cardName;Кристаллическая куколка
736.cardText;{charge|3}, {flying} {gift} - Рвёт на куски все <b>Карты Сокровищ</b> в вашей колоде и получает +1/+1 за каждую порванную карту.\nПорвано карт:{dynamic_number|0|0}.
736.cardName;Древняя горгулья
735.cardText;{charge|5}, {flying}\n{last_words} - Наносит 5 урона всем соседним врагам.
735.cardName;Тирийская сфера
734.cardText;{jump}\nПосле прыжка наносит 3 урона всем соседним врагам.
734.cardName;Сорокко, Первый помощник
733.cardText;{flying}, {jump}
733.cardName;Планёр
732.cardText;{discover} карту, которая требует четыре или более земель. Эта карта становится {wild}.
732.cardName;Тирийская экспедиция
731.cardText;{flying}, {dash|2}
731.cardName;Летающий робот
730.cardText;{discover} две нелегендарные карты, которые стоят {faeria|7} или более. Каждая из этих карт становится {wild}.
730.cardName;Кристаллические специи
729.cardText;Выбранное существо получает +3/+3 и способности {charge|3} и {flying}. Стоит на {faeria|3} меньше за каждое дружественное существо, погибшее в этот ход.
729.cardName;Призрачные специи
728.cardText;{discover} карту события из колоды вашего противника. Эта карта становится {wild} и стоит на {faeria|2} меньше.
728.cardName;Афера
727.cardText;{flying}\n{gift} - Положите <b>Карту Сокровищ</b> на верх вашей колоды.\n{last_words} - Верните Ариану в руку.
727.cardName;Ариана, Дух Гаганы
726.cardText;{gift} - Замешайте <b>Карту Сокровищ</b> в вашу колоду.
726.cardName;Амайский картограф
724.cardText;{flying}\n{gift} - {discover} Нелегендарная карта, которая стоит {faeria|5}. Добавьте 2 карты, которые вы не выбрали, в руку противника. Они все станут {wild}.
724.cardName;Амайский торговец
723.cardText;{dash|1}\nВ конце вашего хода - замешайте две <b>Карты Сокровищ</b> в вашу колоду, если Келдран-путешественник находится на вражеской земле.
723.cardName;Келдран-путешественник
722.cardText;В конце вашего хода - все другие дружественные мехи получают +1/+1, при этом Шлакостоп получает 1 урон.
722.cardName;Шлакостоп, Ходячая свалка
721.cardText;Каждый дружественный меха наносит 2 урона каждому соседнему врагу.
721.cardName;Подрыв
720.cardText;{combat} - Призывает 4/2 Меха на случайном соседнем месте.
720.cardName;Дробитель
719.cardText;{production} - Получает +3/+0.
719.cardName;Нестабильный отковок
717.cardText;{dash|1}\nВ конце вашего хода - уменьшить стоимость карты в вашей руке на {faeria|1}, если Огр-путешественник находится на вражеской земле.
717.cardName;Огр-путешественник
715.cardText;Может быть призван рядом с дружественными незелёными существами.
715.cardName;Необычный питомец
714.cardText;{discover} карту существа со способностью {taunt}. Эта карта становится {wild} и получает +0/+3.
714.cardName;Поиск убежища
713.cardText;{jump}\nДружественные соседние звери получают +2/+0.
713.cardName;Кодама-пастырь
712.cardText;{gift} - {discover} карту зверя. Эта карта становится {wild}.
712.cardName;Тики-зоолог
711.cardText;{dash|1}\nВ конце вашего хода - все соседние дружественные существа получают +1/+1, если Тики-путешественник находится на вражеской земле.
711.cardName;Тики-путешественник
710.cardText;{jump}\nКаждый раз, когда вы находите Сокровище, Фугоро получает +3/+3.
710.cardName;Фугоро, Капитан Гаганы
709.cardText;{jump}\n{gift} - Возьмите три карты. Если хотя бы одна из них оказывается <b>Картой Сокровищ</b>, Тритон-звездочёт получает +2/+2.
709.cardName;Тритон-звездочёт
707.cardText;{gift} - Замешайте <b>Карту Сокровищ</b> в колоду и возьмите карту.
707.cardName;Звезднопанцирный хранитель
706.cardText;Замешайте две <b>Карты Сокровищ</b> в колоду и возьмите карту.
706.cardName;Послание в бутылке
705.cardText;{jump}\n{gift} - Переместите это существо.\nВ конце вашего хода - возьмите карту, если Тритон-путешественник находится на вражеской земле.
705.cardName;Тритон-путешественник
704.cardText;{flying}\n{gift} - За каждую карту в вашей руке добавьте по <b>Карте Сокровищ</b> в вашу колоду. Замешайте руку в колоду и возьмите столько же карт.
704.cardName;Гагана, Кладоискатель
703.cardText;{flying}, {charge|2}\n{gift} - Если в вашей колоде не более одной копии каждой карты, получает {haste} и {protection}.\n{last_words} - Замешайте Селесту в колоду.
703.cardName;Селеста, Кристаллический дракон
702.cardText;Выбранное дружественное существо получает +1/+1 за каждого соседнего врага.
702.cardName;Вдохновение Шарры
701.cardText;В конце вашего хода - найдите <b>Карту Сокровищ</b> в вашей колоде и положите её на верх колоды. Если ни одной Карты не нашлось - вместо этого замешайте Карту Сокровищ в колоду.
701.cardName;Компас Гаганы
9985.cardText;Проиграть все глобальные анимации
9985.cardName;Анимировать всё
