ACT_FUGORO.marketDescription;Utiliza poderosas cartas de tesoro y derrota a Fugoro en su propio terreno.\nContiene 7 misiones.\nRecompensa total: 4 cofres de batalla y 600 de oro.
ACT_FUGORO.marketName;Paquete de Misión de Fugoro
ACT_FUGORO.marketShortDescription;Paquete de Misión
ACT_HOAKA.marketDescription;Desafía al famoso estratega Tritón en sus tableros exclusivos.\nContiene 7 misiones.\nRecompensa total: 4 cofres de batalla y 600 de oro.
ACT_HOAKA.marketName;Paquete de misión de Hoaka
ACT_HOAKA.marketShortDescription;Paquete de misión
ACT_JALMYR_02.marketDescription;Domina el juego y resuelve los acertijos de la esfinge.\nContiene 10 misiones.\nRecompensa total: 4 cofres de batalla y 600 de oro.
ACT_JALMYR_02.marketName;Jalmyr, acto II
ACT_JALMYR_02.marketShortDescription;Paquete de misión
ACT_JALMYR_03.marketDescription;Domina el juego y resuelve los acertijos de la esfinge.\nContiene 10 misiones.\nRecompensa total: 4 cofres de batalla y 600 de oro.
ACT_JALMYR_03.marketName;Jalmyr, acto III
ACT_JALMYR_03.marketShortDescription;Paquete de misión
ACT_JALMYR_04.marketDescription;Domina el juego y resuelve los acertijos de la esfinge.\nContiene 10 misiones.\nRecompensa total: 4 cofres de batalla y 600 de oro.
ACT_JALMYR_04.marketName;Jalmyr, acto IV
ACT_JALMYR_04.marketShortDescription;Paquete de misión
ACT_MAGDA.marketDescription;Domina combinaciones de tesoro únicas para derrotar a la poderosa reina.\nContiene 7 misiones.\nRecompensa total: 4 Cofres de Batalla y 600 de oro.
ACT_MAGDA.marketName;Paquete de Misión de Magda
ACT_MAGDA.marketShortDescription;Paquete de Misión
AVATAR_ADVENTURER.marketDescription;¡Sigue los pasos del joven Fugoro en su viaje por oversky!\n\nEste artículo desbloquea un nuevo avatar para tu orbe.
AVATAR_AURORA.marketDescription;Entre las aficiones de Aurora se incluyen instruir a futuros héroes, guiar el curso de la historia y probar nuevos tipos de té.\n\nEste artículo desbloquea un nuevo avatar para tu orbe.
AVATAR_BLUE_ELEMENTAL_2.marketDescription;A veces, los sabios ven a esta criatura en las ruinas de ciudades olvidadas.\n\nEste artículo desbloquea un nuevo avatar para tu orbe.
AVATAR_BLUE_ELEMENTAL_3.marketDescription;Él aparece ante los sabios y concede sus deseos. Revelando el futuro a su vista.\n\nEste ítem desbloquea un nuevo avatar para tu orbe.
AVATAR_BOMB_SLINGER.marketDescription;La vida no es el número de veces que respiras, sino las bombas que te dejan sin aliento.\n\nEste artículo desbloquea un nuevo avatar para tu orbe.
AVATAR_CAP_10.marketDescription;Tiempo atrás, este robot fue creado para proteger. ¡Ahora ha sido reprogramado para piratería!
AVATAR_DARK_WISP.marketDescription;Un espíritu malicioso que habita en los espacios entre las cosas.\n\nEste artículo desbloquea un nuevo avatar para tu orbe.
AVATAR_FUGORO.marketDescription;Fugoro es el comerciante mas osado del mundo. A menudo se escabulle de Orosei para robar los tesoros de Pandora.\n\nEste artículo desbloquea un nuevo avatar para tu orbe.
AVATAR_GREEN_ELEMENTAL_2.marketDescription;A veces, los locos pueden ver a esta criatura en las más oscuras profundidades de los bosques salvajes.\n\nEste artículo desbloquea un nuevo avatar para tu orbe.
AVATAR_GREEN_ELEMENTAL_3.marketDescription;Él aparece ante los locos y concede sus deseos. Tejiendo los bosques a su antojo.\n\nEste ítem desbloquea un nuevo avatar para tu orbe.
AVATAR_HOAKA.marketDescription;Un maestro de la guerra, Hoaka sería invencible si no estuviera continuamente ideando nuevas tácticas inservibles.\n\nEste artículo desbloquea un nuevo avatar para tu orbe.
AVATAR_JALMYR.marketDescription;Esta esfinge misteriosa vigila el cosmos y juega a ser tutor de los dioses.\n\nEste artículo desbloquea un nuevo avatar para tu orbe.
AVATAR_KELDRAN_EMISSARY.marketDescription;Los emisarios del viento llevan plegarias escritas de la gente común hasta las nubes sagradas.\n\n Este artículo desbloquea un nuevo avatar para tu orbe.
AVATAR_KHALIM.marketDescription;Un prodigio de la orden Djidan, Khalim desafió a sus maestros y entró en una guerra mundana.\n\nEste artículo desbloquea un nuevo avatar para tu orbe.
AVATAR_KINGS_GUARD.marketDescription;Las espadas pueden quebrarse. Los ideales, no. Los guardias del rey jamás caerán.\n\nEste artículo desbloquea un nuevo avatar para tu orbe.
AVATAR_KOBOLD_MERCENARY.marketDescription;Los Jefes clandestinos son los señores del mundo subterráneo de Kobold. Allí, donde los débiles sirven a los más fuertes, estos guerreros temibles llegaron a la cima aplastando a sus rivales .\n\nEste artículo desbloquea un nuevo avatar para tu orbe.
AVATAR_KROG.marketDescription;Krog se cree que es el rey Ogro. Nadie más lo hace.\n\nEste artículo desbloquea un nuevo avatar para tu orbe.
AVATAR_MAGDA.marketDescription;Las grandes leyendas del mundo son simples piezas en el tablero de ajedrez de Magda.\n\nEste artículo desbloquea un nuevo avatar para tu orbe.
AVATAR_OGRE_BATTLER.marketDescription;Aunque su nombre es Brutar, este Ogro Combatiente es conocido también por sus amigos como Señor Porritas. "\n\nEste ítem desbloquea un nuevo avatar para tu orbe."
AVATAR_RAIZEON.marketDescription;Maestro de todos los elementos, esta entidad pone a prueba a todo aquel que osa entrar en sus dominios.
AVATAR_RAPALA.marketDescription;Algunos peces quieren ver el mundo arder.\n\nEste artículo desbloquea un nuevo avatar para tu orbe.
AVATAR_RED_ELEMENTAL_2.marketDescription;A veces, los señores de la guerra ven a esta criatura mientras amanece en el campo de batalla.\n\nEste artículo desbloquea un nuevo avatar para tu orbe.
AVATAR_RED_ELEMENTAL_3.marketDescription;Él aparece ante los caudillos y concede sus deseos. Uniendo las montañas bajo un solo estandarte.\n\nEste ítem desbloquea un nuevo avatar para tu orbe.
AVATAR_RUUNIN.marketDescription;Ruunin es la guardiana inmortal del orden natural. Ella ha vivido más que todos los amigos que ha conocido.\n\nEste artículo desbloquea un nuevo avatar para tu orbe.
AVATAR_SAGAMI_ELDER.marketDescription;Los sagami no cuentan su edad por años vividos, sino por enemigos derrotados.\n\nEste artículo desbloquea un nuevo avatar para tu orbe.
AVATAR_SEIFER.marketDescription;Seifer ha grabado su nombre a fuego sobre las cenizas de reinos destruidos. Conquistando diablos y absorbiendo su poder, No hay nada con lo que Seifer disfrute más que el sonido de desesperación del enemigo.\n\nEste artículo desbloquea un nuevo avatar para tu orbe.
AVATAR_SHARRA.marketDescription;Cuando era solo una niña, el miedo de Sharra se consumió con su pueblo.\n\n Este ítem desbloquea un nuevo avatar para tu orbe.
AVATAR_SHAYTAN_ASSASSIN.marketDescription;Los Asesinos Shaytan son mensajeros de los Arcipestres. Su mensaje es siempre el mismo.\n\nEste artículo desbloquea un nuevo avatar para tu orbe.
AVATAR_TAESA.marketDescription;La Hechicera gabriana domina la ancestral magia de la creación. Junto a los Creadores de olas, vela y protege el equilibrio espiritual del reino de Gabria.\n\nEste artículo desbloquea un nuevo avatar para tu orbe.
AVATAR_TARANGA.marketDescription;Los Rakoa no tenían una palabra para la guerra, pero Taranga sabía que era algo a lo que había que resistirse.
AVATAR_TARUM.marketDescription;Tarum fue la primera semilla que se plantó. Ha sido testigo de la formación de montañas, del nacimiento de los dragones y de la caída de dioses antiguos.\n\nEste artículo desbloquea un nuevo avatar para tu orbe.
AVATAR_THE_EGG.marketDescription;Procedente del sueño de un dragón, algunos creen que el Huevo es indicador de un futuro prometedor. Algún día eclosionará.\n\nEste artículo desbloquea un nuevo avatar para tu orbe.
AVATAR_ULANI.marketDescription;Los niños Rakoa rien con el viento, bailan con las olas, duermen entre las hojas y comparten secretos con el fuego. Ulani nunca maduró.
AVATAR_VERDURAN_FORCE.marketDescription;Ningún leñador entierra su hacha en uno de estos una segunda vez.\n\nEste artículo desbloquea un nuevo avatar para tu orbe.
AVATAR_YAKKAR.marketDescription;La élite de la élite. Estos yaks protegen el balance de la realidad.
AVATAR_YAK_CYNICAL.marketDescription;Este yak está aquí para preguntar y contestat una simple pregunta ¿cuál es el mejor mazo de Faeria?""
AVATAR_YAK_DRAGON.marketDescription;A algunos dragones les gustan los yaks. Les gustan DEMASIADO los yaks.
AVATAR_YAK_FANCY.marketDescription;Sir Yakkinton es el invitado mas buscado del mundo despues de la cena.
AVATAR_YAK_FARMER.marketDescription;O bien mueres siendo un héroe o vives lo suficiente para convertirte en granjero.
AVATAR_YAK_FAT.marketDescription;El yak más feliz es el que está a punto de ser devorado." -El Libro de Seifer"
AVATAR_YAK_FORCER.marketDescription;Tienes derecho a permanecer confundido.
AVATAR_YAK_HIPPIE.marketDescription;En la vida, no te olvides detenerte y comerte las rosas.
AVATAR_YAK_KING.marketDescription;Rey Yaknus, primero de su nombre, rompedor de yugos y bestia de todas las cargas.
AVATAR_YAK_PIRATE.marketDescription;El legendario capitán Yak Sparrow. Plaga de los siete cielos.
AVATAR_YELLOW_ELEMENTAL_2.marketDescription;A veces, los asesinos ven a esta criatura momentos antes de la matanza.\n\nEste artículo desbloquea un nuevo avatar para tu orbe.
AVATAR_YELLOW_ELEMENTAL_3.marketDescription;Ella aparece ante los asesinos y concede sus deseos. Cubriendo la arena con sangre.\n\nEste ítem desbloquea un nuevo avatar para tu orbe.
BACKER_STARTER_PACK_BUNDLE.marketDescription;30 Cofres de Batalla, 10 monedas de Pandora, 1 Orbe y 1 Avatar.
BACKER_STARTER_PACK_BUNDLE.marketName;Paquete de Inicio Rápido
BLUE_CHEST_1.marketDescription;Cada Cofre de Batalla contiene 4 cartas aleatorias de las cuales no tienes todas sus copias.
BLUE_CHEST_1.marketName;1 Cofre de Batalla
BLUE_CHEST_1.marketShortDescription;4 cartas nuevas!
BLUE_CHEST_12.marketDescription;Cada Cofre de Batalla contiene 4 cartas aleatorias de las cuales no tienes todas sus copias.
BLUE_CHEST_12.marketName;12 Cofres de Batalla
BLUE_CHEST_12.marketShortDescription;48 cartas nuevas!
BLUE_CHEST_14.marketDescription;Cada cofre de batalla contiene 5 cartas al azar. Puedes cambiar la carta de mayor rareza por otra que será exactamente de la misma rareza.
BLUE_CHEST_14.marketName;14 Cofres de Batalla
BLUE_CHEST_14.marketShortDescription;¡70 cartas nuevas!
BLUE_CHEST_2.marketDescription;Cada Cofre de Batalla contiene 4 cartas aleatorias de las cuales no tienes todas sus copias.
BLUE_CHEST_2.marketName;2 Cofres de Batalla
BLUE_CHEST_2.marketShortDescription;8 cartas nuevas!
BLUE_CHEST_25.marketDescription;Cada cofre de batalla contiene 5 cartas al azar. Puedes cambiar la carta de mayor rareza por otra que será exactamente de la misma rareza.
BLUE_CHEST_25.marketName;25 cofres de batalla
BLUE_CHEST_25.marketShortDescription;Amplía tu colección
BLUE_CHEST_26.marketDescription;Cada cofre de batalla contiene 5 cartas al azar. Puedes cambiar la carta de mayor rareza por otra que será exactamente de la misma rareza.
BLUE_CHEST_26.marketName;26 Cofres de Batalla
BLUE_CHEST_26.marketShortDescription;¡130 cartas nuevas!
BLUE_CHEST_4.marketDescription;Cada cofre de batalla contiene 5 cartas al azar. Puedes cambiar la carta de mayor rareza por otra que será exactamente de la misma rareza.
BLUE_CHEST_4.marketName;4 Cofres de Batalla
BLUE_CHEST_4.marketShortDescription;¡20 cartas nuevas!
BLUE_CHEST_5.marketDescription;Cada Cofre de Batalla contiene 4 cartas aleatorias de las cuales no tienes todas sus copias.
BLUE_CHEST_5.marketName;5 Cofres de Batalla
BLUE_CHEST_5.marketShortDescription;20 cartas nuevas!
BLUE_CHEST_55.marketDescription;Cada cofre de batalla contiene 5 cartas al azar. Puedes cambiar la carta de mayor rareza por otra que será exactamente de la misma rareza.
BLUE_CHEST_55.marketName;55 Cofres de Batalla
BLUE_CHEST_55.marketShortDescription;¡275 cartas nuevas!
BUNDLE_BLUE_CHEST_24.marketDescription;Contiene 12 Cofres de Batalla (60 cartas) y una carta Legendaria aleatoria. Solo puedes comprarlo una vez.
BUNDLE_BLUE_CHEST_24.marketName;Paquete de Iniciación de Batalla
BUNDLE_BLUE_CHEST_24.marketShortDescription;¡120 nuevas cartas!
BUNDLE_EMOTE_AURORA.marketName;Paquete de Emociones de Aurora
BUNDLE_EMOTE_SEIFER.marketName;Paquete de Emociones de Seifer
BUNDLE_EMOTE_SHARRA.marketName;Paquete de Emociones de Sharra
BUNDLE_PINK_CHEST_8.marketName;Paquete de Iniciación Mítico
BUNDLE_PREMIUM_1.marketName;Paquete Premium
BUNDLE_SET_ADVENTURER.marketDescription;¡Sigue los pasos del joven Fugoro en su viaje por oversky!\n\nEste artículo desbloquea el avatar especial del personaje, su orbe, sus pozos, su dorso y 6 emociones.
BUNDLE_SET_ADVENTURER.marketName;Colección del Aventurero
BUNDLE_SET_AURORA.marketDescription;Entre las aficiones de Aurora se incluyen instruir a futuros héroes, guiar el curso de la historia y probar nuevos tipos de té.\n\nEste artículo desbloquea el avatar especial del personaje, su orbe, sus pozos, su dorso y 6 emociones.
BUNDLE_SET_AURORA.marketName;Colección de Aurora
BUNDLE_SET_FUGORO.marketDescription;Aventurero, sabio, ladrón, temerario, romantico. Él es... la rana más interesante del mundo (y el dueño de esta tienda)!\n\nEste artículo desbloquea el avatar especial del personaje, su orbe, sus pozos, su dorso y 6 emociones.
BUNDLE_SET_FUGORO.marketName;Colección de Fugoro
BUNDLE_SET_HOAKA.marketDescription;Un maestro de la guerra, Hoaka sería invencible si no estuviera continuamente ideando nuevas tácticas inservibles.\n\nEste artículo desbloquea el avatar especial del personaje, su orbe, sus pozos, su dorso y 6 emociones.
BUNDLE_SET_HOAKA.marketName;Colección de Hoaka
BUNDLE_SET_KHALIM.marketDescription;Un prodigio de la orden Djidan, Khalim desafió a sus maestros y entró en una guerra mundana.\n\nEste artículo desbloquea el avatar especial del personaje, su orbe, sus pozos, su dorso y 6 emociones.
BUNDLE_SET_KHALIM.marketName;Colección de Khalim
BUNDLE_SET_KROG.marketDescription;Krog se cree que es el rey Ogro. Nadie más lo hace.\n\nEste artículo desbloquea el avatar especial del personaje, su orbe, sus pozos, su dorso y 6 emociones.
BUNDLE_SET_KROG.marketName;Colección de Krog
BUNDLE_SET_MAGDA.marketDescription;Las grandes leyendas del mundo son simples piezas en el tablero de ajedrez de Magda.\n\nEste artículo desbloquea el avatar especial del personaje, su orbe, sus pozos, su dorso y 6 emociones.
BUNDLE_SET_MAGDA.marketName;Colección de Magda
BUNDLE_SET_RUUNIN.marketDescription;Ruunin es la guardiana inmortal del orden natural. Ella ha vivido más que todos los amigos que ha conocido.\n\nEste artículo desbloquea el avatar especial del personaje, su orbe, sus pozos, su dorso y 6 emociones.
BUNDLE_SET_RUUNIN.marketName;Colección de Ruunin
BUNDLE_SET_SEIFER.marketDescription;Seifer ha grabado su nombre a fuego sobre las cenizas de reinos destruidos. Conquistando diablos y absorbiendo su poder, No hay nada con lo que Seifer disfrute más que el sonido de desesperación del enemigo.\n\nEste artículo desbloquea el avatar especial del personaje, su orbe, sus pozos, su dorso y 6 emociones.
BUNDLE_SET_SEIFER.marketName;Colección de Seifer
BUNDLE_SET_SHARRA.marketDescription;Cuando ella era solo una niña, el miedo de Sharra se quemó con su pueblo. Este conjunto desbloquea el avatar especial del personaje, el orbe, los pozos, el dorso de carta y 6 emociones.
BUNDLE_SET_SHARRA.marketName;Colección de Sharra
BUNDLE_SET_TARUM.marketDescription;Tarum fue la primera semilla plantada. Él presenció el ascenso de las montañas, el nacimiento de los dragones y la caida de los dioses antiguos.\n\nEste artículo desbloquea el avatar especial del personaje, su orbe, sus pozos, su dorso y 6 emociones.
BUNDLE_SET_TARUM.marketName;Colección de Tarum
CARD_BACK_ADVENTURER.marketDescription;¡Sigue los pasos del joven Fugoro en su viaje por oversky!\n\nEste artículo desbloquea un nuevo dorso para tu mazo.
CARD_BACK_AURORA.marketDescription;Entre las aficiones de Aurora se incluyen instruir a futuros héroes, guiar el curso de la historia y probar nuevos tipos de té.\n\nEste artículo desbloquea un nuevo dorso para tu mazo.
CARD_BACK_BASIC_COPPER.marketDescription;Baldurion los hizo de cobre fundido y zafiros.\n\nEste ítem desbloquea un nuevo dorso de carta para tu mazo.
CARD_BACK_BASIC_DIAMOND.marketDescription;Baldurion los hizo de plata fundida y zafiros.\n\nEste ítem desbloquea un nuevo dorso de carta para tu mazo.
CARD_BACK_BOMB_SLINGER.marketDescription;La vida no es el número de veces que respiras, sino las bombas que te dejan sin aliento.\n\nEste artículo desbloquea un nuevo dorso para tu mazo.
CARD_BACK_FAERIA_WORLD_CIRCUIT.marketDescription;Has ganado el respeto de los dragones.\n\nEste ítem desbloquea un nuevo dorso de carta para tu mazo.
CARD_BACK_FUGORO.marketDescription;Fugoro es el comerciante mas osado del mundo. A menudo se escabulle de Orosei para robar los tesoros de Pandora.\n\nEste artículo desbloquea un nuevo dorso para tu mazo.
CARD_BACK_HOAKA.marketDescription;Un maestro de la guerra, Hoaka sería invencible si no estuviera continuamente ideando nuevas tácticas inservibles.\n\nEste artículo desbloquea un nuevo dorso para tu mazo.
CARD_BACK_JALMYR.marketDescription;Esta esfinge misteriosa vigila el cosmos y juega a ser tutor de los dioses.\n\nEste artículo desbloquea un nuevo dorso para tu mazo.
CARD_BACK_KHALIM.marketDescription;Un prodigio de la orden Djidan, Khalim desafió a sus maestros y entró en una guerra mundana.\n\nEste artículo desbloquea un nuevo dorso para tu mazo.
CARD_BACK_KROG.marketDescription;Krog se cree que es el rey Ogro. Nadie más lo hace.\n\nEste artículo desbloquea un nuevo dorso para tu mazo.
CARD_BACK_MAGDA.marketDescription;Las grandes leyendas del mundo son simples piezas en el tablero de ajedrez de Magda.\n\nEste artículo desbloquea un nuevo dorso para tu mazo.
CARD_BACK_MOSAIC_FLOWER.marketDescription;Un mosaico típico toma cien kappas durante todo un día para elaborar. Eso es 30 días para todo tu mazo.\n\nEste ítem desbloquea un nuevo dorso de carta para tu mazo.
CARD_BACK_MOSAIC_SOLAR.marketDescription;Un mosaico típico le toma a cien kappas un día entero de trabajo. Eso es 30 días para todo tu mazo.\n\nEste ítem desbloquea un nuevo dorso de carta para tu mazo.
CARD_BACK_MUCHA.marketDescription;Este artículo desbloquea un nuevo dorso para tu mazo.
CARD_BACK_RAPALA.marketDescription;Algunos peces quieren ver el mundo arder.\n\nEste artículo desbloquea un nuevo dorso para tu mazo.
CARD_BACK_RUUNIN.marketDescription;Ruunin es la guardiana inmortal del orden natural. Ella ha vivido más que todos los amigos que ha conocido.\n\nEste artículo desbloquea un nuevo dorso de carta para tu mazo.
CARD_BACK_SEIFER.marketDescription;Seifer ha grabado su nombre a fuego sobre las cenizas de reinos destruidos. Conquistando diablos y absorbiendo su poder, No hay nada con lo que Seifer disfrute más que el sonido de desesperación del enemigo.\n\nEste artículo desbloquea un nuevo dorso para tu mazo.
CARD_BACK_SHARRA.marketDescription;Cuando ella era solo una niña, el miedo de Sharra se quemó con su pueblo.\n\nEste ítem desbloquea un nuevo dorso de carta para tu mazo.
CARD_BACK_TARUM.marketDescription;Tarum fue la primera semilla plantada. Él presenció el ascenso de las montañas, el nacimiento de los dragones y la caida de los dioses antiguos.\n\nEste artículo desbloquea un nuevo dorso para tu mazo.
CORE_SET_FULL.marketDescription;Paquete Competidor Definitivo: potencia al máximo tu nivel con un conjunto de juego COMPLETO de cada carta de la colección principal. Esta compra desbloquea todo lo necesario para crear cualquier mazo en el juego. Además, recibirás 100 de oro por cada paquete potenciador que hayas abierto o adquirido hasta ahora.
CORE_SET_FULL.marketName;Colección principal completa
DECK_SLOT_5.marketDescription;Las Ranuras de Mazo son los mejores compañeros del estratega.\nComprando esto incrementas en 5 el número máximo de mazos que puedes tener de forma permanente.
DECK_SLOT_5.marketName;5 Ranuras de Mazo
DECK_SLOT_5.marketShortDescription;5 nuevas Ranuras de Mazo!
DREAMHACK_SUMMER_2016_BUNDLE.marketDescription;4 cofres de batalla y 5 monedas de Pandora
DREAMHACK_SUMMER_2016_BUNDLE.marketName;Paquete Dreamhack
EARLY_ACCESS_BUNDLE.marketDescription;20 Cofres de Batalla, 10 monedas de Pandora y 1 avatar y 1 orbe exclusivos.
EARLY_ACCESS_BUNDLE.marketName;Paquete de acceso anticipado
EMOTE_AURORA_GREETINGS.marketName;Emoción de Aurora 1
EMOTE_AURORA_OOPS.marketName;Emoción de Aurora 5
EMOTE_AURORA_TAUNT.marketName;Emoción de Aurora 2
EMOTE_AURORA_UNIQUE.marketName;Emoción de Aurora 6
EMOTE_AURORA_WELL_PLAYED.marketName;Emoción de Aurora 3
EMOTE_AURORA_WOW.marketName;Emoción de Aurora 4
EMOTE_SEIFER_GREETINGS.marketName;Emoción de Seifer 1
EMOTE_SEIFER_OOPS.marketName;Emoción de Seifer 5
EMOTE_SEIFER_TAUNT.marketName;Emoción de Seifer 2
EMOTE_SEIFER_UNIQUE.marketName;Emoción de Seifer 6
EMOTE_SEIFER_WELL_PLAYED.marketName;Emoción de Seifer 3
EMOTE_SEIFER_WOW.marketName;Emoción de Seifer 4
EMOTE_SHARRA_GREETINGS.marketName;Emoción de Sharra 1
EMOTE_SHARRA_OOPS.marketName;Emoción de Sharra 5
EMOTE_SHARRA_TAUNT.marketName;Emoción de Sharra 2
EMOTE_SHARRA_UNIQUE.marketName;Emoción de Sharra 6
EMOTE_SHARRA_WELL_PLAYED.marketName;Emoción de Sharra 3
EMOTE_SHARRA_WOW.marketName;Emoción de Sharra 4
G2A_BUNDLE.marketDescription;20 cofres de batalla, 10 monedas de Pandora y 1 avatar y 1 orbe exclusivos.
G2A_BUNDLE.marketName;Paquete G2A
GEM_STARTER_BUNDLE.marketDescription;Contiene 5000 Gemas, 1 Cofre Mítico y 1 carta Legendaria que todavía no tengas (a no ser que las tengas todas, en cuyo caso obtendrás una compensación substancial en Fragmentos). Solo puede comprarse una vez.
GEM_STARTER_BUNDLE.marketName;Paquete Inicial de Gemas
GEM_STARTER_BUNDLE.marketShortDescription;¡Dentro hay contenido Legendario, Gemas y Cosméticos!
GOLD_100.marketDescription;El oro te permite comprar artículos en la tienda.
GOLD_100.marketName;100 de oro
GOLD_1000.marketDescription;El oro te permite comprar artículos en la tienda.
GOLD_1000.marketName;1000 de oro
GOLD_250.marketDescription;El oro te permite comprar artículos en la tienda.
GOLD_250.marketName;250 de oro
GOLD_2500.marketDescription;El oro te permite comprar artículos en la tienda.
GOLD_2500.marketName;2500 de oro
GOLD_500.marketDescription;El oro te permite comprar artículos en la tienda.
GOLD_500.marketName;500 de oro
GOLD_5000.marketDescription;El oro te permite comprar artículos en la tienda.
GOLD_5000.marketName;5000 de oro
LINK_AVATAR.marketName;Link Avatar Tab
LINK_AVATAR.sliderDescription;Encuentra nuevos avatares para personificar.
LINK_BUNDLE.marketName;Link Bundle Tab
LINK_BUNDLE.sliderDescription;¡Echa un vistazo a los paquetes y consigue grandes ofertas!
LINK_CARD_BACK.marketName;Link Card Back Tab
LINK_CARD_BACK.sliderDescription;Anima tu colección con un precioso dorso.
LINK_ORB.marketName;Link Orb Tab
LINK_ORB.sliderDescription;Elige un nuevo orbe para tu avatar.
LINK_WELL.marketName;Link Well Tab
LINK_WELL.sliderDescription;Decora tu mitad del tablero con estos pozos personalizados.
MEMORIA_100.marketDescription;La memoria se usa para crear cartas.
MEMORIA_100.marketName;100 de memoria
MEMORIA_1600.marketDescription;La memoria se usa para crear cartas.
MEMORIA_1600.marketName;1600 de memoria
MEMORIA_20.marketDescription;La memoria se usa para crear cartas.
MEMORIA_20.marketName;20 de memoria
MEMORIA_320.marketDescription;La memoria se usa para crear cartas.
MEMORIA_320.marketName;320 de memoria
MEMORIA_3200.marketDescription;La memoria se usa para crear cartas.
MEMORIA_3200.marketName;3000 de memoria
MEMORIA_400.marketDescription;La memoria se usa para crear cartas.
MEMORIA_400.marketName;400 de memoria
MEMORIA_5.marketDescription;La memoria se usa para crear cartas.
MEMORIA_5.marketName;5 de memoria
MEMORIA_50.marketDescription;La memoria se usa para crear cartas.
MEMORIA_50.marketName;50 de memoria
MEMORIA_80.marketDescription;La memoria se usa para crear cartas.
MEMORIA_80.marketName;80 de memoria
ONE_MONTH_ANNUITY.marketDescription;Goki mina para ti cada día durante 30 dias. Siempre encuentra al menos 350 fragmentos y algunas veces encuentra MUCHOS más! Cuando contratas a Goki, recibes instantáneamente una prima de contratación de 6000 fragmentos.
ONE_MONTH_ANNUITY.marketName;Goki, Minero Aventurero
ONE_MONTH_ANNUITY.marketShortDescription;¡la Riqueza sigue su Marcha!
ORB_ADVENTURER.marketDescription;¡Sigue los pasos del joven Fugoro en su viaje por oversky!\n\nEste artículo desbloquea un nuevo orbe para tu avatar.
ORB_ARCANE.marketDescription;Creado a partir de la piedra de un pozo de faeria. Es el orbe preferido por los dioses que anhelan revelar los secretos del cosmos.\n\nEste artículo desbloquea un nuevo orbe para tu avatar.
ORB_ARCANE.marketName;Orbe arcano
ORB_AURORA.marketDescription;Entre las aficiones de Aurora se incluyen instruir a futuros héroes, guiar el curso de la historia y probar nuevos tipos de té.\n\nEste artículo desbloquea un nuevo orbe para tu avatar.
ORB_BOMB_SLINGER.marketDescription;La vida no es el número de veces que respiras, sino las bombas que te dejan sin aliento.\n\nEste artículo desbloquea un nuevo orbe para tu avatar.
ORB_DRAGON.marketDescription;El orbe de dragón es un monumento a los dragones que una vez salvaron al mundo del caos de los gigantes antiguos. Al alzarse victoriosos, los cuatro grandes dragones forjaron juntos este orbe.\n\nEste artículo desbloquea un nuevo orbe para tu avatar.
ORB_FUGORO.marketDescription;Fugoro es el comerciante mas osado del mundo. A menudo se escabulle de Orosei para robar los tesoros de Pandora.\n\nEste artículo desbloquea un nuevo orbe para tu avatar.
ORB_GAEA.marketDescription;Imbuidas con las bendiciones de Gaea, las hojas de este orbe proporcionan una poción que otorga la juventud eterna.\n\nEste artículo desbloquea un nuevo orbe para tu avatar.
ORB_GIANTS.marketDescription;Creado a partir de las primeras rocas que pisaron los gigantes antiguos. Es el orbe preferido por los dioses más antiguos, veteranos de miles de batallas, hace mucho olvidadas por los mortales.\n\nEste artículo desbloquea un nuevo orbe para tu avatar.
ORB_GIANTS.marketName;Orbe de los Gigantes
ORB_HOAKA.marketDescription;Un maestro de la guerra, Hoaka sería invencible si no estuviera continuamente ideando nuevas tácticas inservibles.\n\nEste artículo desbloquea un nuevo orbe para tu avatar.
ORB_JALMYR.marketDescription;Esta esfinge misteriosa vigila el cosmos y juega a ser tutor de los dioses.\n\nEste artículo desbloquea un nuevo orbe para tu avatar.
ORB_KHALIM.marketDescription;Un prodigio de la orden Djidan, Khalim desafió a sus maestros y entró en una guerra mundana.\n\nEste artículo desbloquea un nuevo orbe para tu avatar.
ORB_KROG.marketDescription;Krog se cree que es el rey Ogro. Nadie más lo hace.\n\nEste artículo desbloquea un nuevo orbe para tu avatar.
ORB_MAGDA.marketDescription;Las grandes leyendas del mundo son simples piezas en el tablero de ajedrez de Magda.\n\nEste artículo desbloquea un nuevo orbe para tu avatar.
ORB_PACK.marketDescription;Orbe exclusivo de los Patrocinadores Iniciales
ORB_PACK.marketName;Orbe exclusivo de los Patrocinadores de Kickstarter.
ORB_POWER.marketDescription;Hecho a mano con piedras de un viejo pozo de Faeria. Estas piedras ayudan a los dioses recién nacidos a canalizar el poder de Faeria.\n\nEste ítem desbloquea un nuevo orbe para tu avatar.
ORB_RAPALA.marketDescription;Algunos peces solo quieren ver el mundo arder.\n\nEste ítem desbloquea un nuevo orbe para tu avatar.
ORB_RUUNIN.marketDescription;Ruunin es la guardiana inmortal del orden natural. Ella ha vivido más que todos los amigos que ha conocido.\n\nEste artículo desbloquea un nuevo orbe para tu avatar.
ORB_SEIFER.marketDescription;Seifer ha grabado su nombre a fuego sobre las cenizas de reinos destruidos. Conquistando diablos y absorbiendo su poder, No hay nada con lo que Seifer disfrute más que el sonido de desesperación del enemigo.\n\nEste artículo desbloquea un nuevo orbe para tu avatar.
ORB_SHARRA.marketDescription;Cuando ella era solo una niña, el miedo de Sharra se quemó con su pueblo.\n\nEste ítem desbloquea un nuevo orbe para tu avatar.
ORB_TARUM.marketDescription;Tarum fue la primera semilla plantada. Él presenció el ascenso de las montañas, el nacimiento de los dragones y la caida de los dioses antiguos.\n\nEste artículo desbloquea un nuevo orbe para tu avatar.
ORB_VALOR.marketDescription;Creado a partir de las primeras rocas que sostuvieron los gigantes antiguos. Es el orbe preferido por los dioses ancestrales, testigos del nacimiento de la creación.\n\nEste artículo desbloquea un nuevo orbe para tu avatar.
ORB_VALOR.marketName;Orbe del Valor
OVERSKY_ISLE_02.marketDescription;¡Desbloquea el <color=white>reino de Ulani</color> y gánate la lealtad del shaman más grandioso de Oversky! ¡Esta isla te da <color=white>4 misiones co-op</color>, <color=white>7 cartas de Oversky</color>, un <color=white>aliado único</color> que te ayudará en tus próximas aventuras co-op, y <color=white>puntos extra para tu Bolsa de Aventura</color> (si es que posees una)!
OVERSKY_ISLE_02.marketName;Paquete de Isla del Reino de Ulani
OVERSKY_ISLE_03.marketDescription;¡Desbloquea la <color=white>Cascada de Luz de Brizna</color> y descubre los secretos de los espíritus elementales con Sir Yakkinton! ¡Esta isla te da <color=white>4 misiones co-op</color>, <color=white>7 cartas de Oversky</color>, un <color=white>aliado único</color> que te ayudará en tus próximas aventuras co-op, y <color=white>puntos extra para tu Bolsa de Aventura</color> (si es que posees una)!
OVERSKY_ISLE_03.marketName;Paquete de Isla de las Cascadas de Luz de Brizna
OVERSKY_ISLE_04.marketDescription;¡Desbloquea la isla de la <color=white>Fortaleza Pirata</color> y desafía a CAP-10, el pirata robot del cielo! ¡Esta isla te da <color=white>4 misiones co-op</color>, <color=white>8 cartas de Oversky</color>, un <color=white>aliado único</color> que te ayudará en tus próximas aventuras co-op, y <color=white>puntos extra para tu Bolsa de Aventura</color> (si es que posees una)!
OVERSKY_ISLE_04.marketName;Paquete de Isla de la Fortaleza Pirata
OVERSKY_ISLE_05.marketDescription;¡Desbloquea el hermoso<color=white>Centro de Gaea</color> y alcanza el Arbol de la Vida Eterna! ¡Esta isla te da <color=white>4 misiones co-op</color>, <color=white>8 cartas de Oversky</color>, un <color=white>aliado único</color> que te ayudará en tus próximas aventuras co-op, y <color=white>puntos extra para tu Bolsa de Aventura</color> (si es que posees una)!
OVERSKY_ISLE_05.marketName;Paquete de Isla del Centro de Gaea
OVERSKY_ISLE_BUNDLE.marketDescription;¡Desbloquea <color=white>todas las islas</color> en el mítico Oversky de Faeria! Esto contiene <color=white>16 misiones co-op</color>, <color=white>todas las cartas de Oversky</color>, y <color=white>puntos extra</color> si posees una Bolsa de Aventura.
OVERSKY_ISLE_BUNDLE.marketName;Paquete de Isla de Oversky
OVERSKY_PIONEER_BUNDLE.marketDescription;¡Desbloquea tu <color=white>Bolsa de Aventura</color> y recibe un <color=white>cofre mítico</color> gratis. Accede al <color=white>desafío diario contra el Emperador</color>, disponibles exclusivamente para los poseedores de Bolsa de Aventura!
OVERSKY_PIONEER_BUNDLE.marketName;Bolsa de Pionero
OVERSKY_SUPPORTER_BUNDLE.marketDescription;¡Desbloquea <color=white>todas las islas</color> en el mítico Oversky de Faeria y también tu Bolsa de Aventura! ¡Esto contiene <color=white>16 misiones co-op</color>, <color=white>premios exclusivos</color>, la <color=white>Bolsa de Aventura</color>, acceso al <color=white>desafío diario contra el Emperador</color> diarias, un cofre mítico gratis y <color=white>la colección de cosmeticos</color> del Aventurero!
OVERSKY_SUPPORTER_BUNDLE.marketName;Bolsa de Soporte
PINK_CHEST_1.marketDescription;Cada Cofre Mítico contiene 4 Objetos Míticos. Un Objeto Mítico puede ser un Cosmético o una Carta Mítica.
PINK_CHEST_1.marketName;1 Cofre Mítico
PINK_CHEST_1.marketShortDescription;¡4 Objetos Míticos!
PINK_CHEST_11.marketDescription;Cada Cofre Mítico contiene 4 Objetos Míticos. Un Objeto Mítico puede ser un Cosmético o una Carta Mítica.
PINK_CHEST_11.marketName;11 Cofres Míticos
PINK_CHEST_2.marketDescription;Cada Cofre Mítico contiene 4 Objetos Míticos. Un Objeto Mítico puede ser un Cosmético o una Carta Mítica.
PINK_CHEST_2.marketName;2 Cofres Míticos
PINK_CHEST_20.marketDescription;Cada Cofre Mítico contiene 4 Objetos Míticos. Un Objeto Mítico puede ser un Cosmético o una Carta Mítica.
PINK_CHEST_20.marketName;20 Cofres Míticos
PINK_CHEST_25.marketDescription;Cada Cofre Mítico contiene 4 Objetos Míticos. Un Objeto Mítico puede ser un Cosmético o una Carta Mítica.
PINK_CHEST_25.marketName;25 Cofres Míticos
PINK_CHEST_4.marketDescription;Cada Cofre Mítico contiene 4 Objetos Míticos. Un Objeto Mítico puede ser un Cosmético o una Carta Mítica.
PINK_CHEST_4.marketName;4 Cofres Míticos
PRESS_BUNDLE.marketDescription;4 Cofres de Batalla y 2 Monedas de Pandora
PRESS_BUNDLE.marketName;Presiona el Paquete
PRESS_BUNDLE.marketShortDescription;Amplía tu colección
SHORE_OVERSKY_CORRUPT.marketName;Costa Corrupta de Oversky
SHORE_OVERSKY_DAY.marketName;Bahía de Día de Oversky
SHORE_OVERSKY_NIGHT.marketName;Bahía de Noche de Oversky
WELL_ADVENTURER.marketDescription;¡Sigue los pasos del joven Fugoro en su viaje por oversky!\n\nEste artículo desbloquea un nuevo par de pozos para tu tablero.
WELL_ARCANE.marketDescription;Estos pozos son los preferidos de los dioses que anhelan revelar los secretos del cosmos.\n\nEste artículo desbloquea un nuevo par de pozos para tu tablero.
WELL_AURORA.marketDescription;Entre las aficiones de Aurora se incluyen instruir a futuros héroes, guiar el curso de la historia y probar nuevos tipos de té.\n\nEste artículo desbloquea un nuevo par de pozos para tu tablero.
WELL_BOMB_SLINGER.marketDescription;La vida no es el número de veces que respiras, sino las bombas que te dejan sin aliento.\n\nEste artículo desbloquea un nuevo par de pozos para tu tablero.
WELL_CARNIVOROUS_PLANT.marketDescription;Estas flores hambrientas crecen junto a los manantiales de faeria. Les ayuda a atraer presas.\n\nEste artículo desbloquea un nuevo par de pozos para tu tablero.
WELL_FUGORO.marketDescription;Fugoro es el comerciante mas osado del mundo. A menudo se escabulle de Orosei para robar los tesoros de Pandora.\n\nEste artículo desbloquea un par de pozos nuevos para tu tablero.
WELL_GABRIA.marketDescription;La arquitectura gabriana representa el equilibrio de todas las cosas.\n\nEste artículo desbloquea un nuevo par de pozos para tu tablero.
WELL_HOAKA.marketDescription;Un maestro de la guerra, Hoaka sería invencible si no estuviera continuamente ideando nuevas tácticas inservibles.\n\nEste artículo desbloquea un par de pozos nuevos para tu tablero.
WELL_JALMYR.marketDescription;Esta esfinge misteriosa vigila el cosmos y juega a ser tutor de los dioses.\n\nEste artículo desbloquea un par de pozos nuevos para tu tablero.
WELL_KHALIM.marketDescription;Un prodigio de la orden Djidan, Khalim desafió a sus maestros y entró en una guerra mundana.\n\nEste artículo desbloquea un par de pozos nuevos para tu tablero.
WELL_KROG.marketDescription;Krog se cree que es el rey Ogro. Nadie más lo hace.\n\nEste artículo desbloquea un par de pozos nuevos para tu tablero.
WELL_MAGDA.marketDescription;Las grandes leyendas del mundo son simples piezas en el tablero de ajedrez de Magda.\n\nEste artículo desbloquea un par de pozos nuevos para tu tablero.
WELL_RAPALA.marketDescription;Algunos peces quieren ver el mundo arder.\n\nEste artículo desbloquea un par de pozos nuevos para tu tablero.
WELL_RUUNIN.marketDescription;Ruunin es la guardiana inmortal del orden natural. Ella ha vivido más que todos los amigos que ha conocido.\n\nEste artículo desbloquea un par de pozos nuevos para tu tablero.
WELL_SEIFER.marketDescription;Seifer ha grabado su nombre a fuego sobre las cenizas de reinos destruidos. Conquistando diablos y absorbiendo su poder, No hay nada con lo que Seifer disfrute más que el sonido de desesperación del enemigo.\n\nEste artículo desbloquea un nuevo par de pozos para tu mazo.
WELL_SHARRA.marketDescription;Cuando ella era solo una niña, el miedo de Sharra se quemó con su pueblo.\n\nEste ítem desbloquea un nuevo par de pozos de Faeria para tu tablero.
WELL_TARUM.marketDescription;Tarum fue la primera semilla plantada. Él presenció el ascenso de las montañas, el nacimiento de los dragones y la caida de los dioses antiguos.\n\nEste artículo desbloquea un nuevo par de pozos para tu tablero.
WILD_ACT_1.marketDescription;Contiene 7 misiones. Por completar estas misiones obtendrás suficiente experiencia para subir 2 o 3 niveles.\nLas misiones dentro del paquete son escogidas al azar.
WILD_ACT_1.marketName;Paquete de misión salvaje
WILD_ACT_10.marketDescription;Contiene 7 misiones. Por completar estas misiones obtendrás suficiente experiencia para subir 2 o 3 niveles.\nLas misiones dentro del paquete son escogidas al azar.
WILD_ACT_10.marketName;Paquete de misión salvaje
WILD_ACT_11.marketDescription;Contiene 7 misiones. Por completar estas misiones obtendrás suficiente experiencia para subir 2 o 3 niveles.\nLas misiones dentro del paquete son escogidas al azar.
WILD_ACT_11.marketName;Paquete de misión salvaje
WILD_ACT_12.marketDescription;Contiene 7 misiones. Por completar estas misiones obtendrás suficiente experiencia para subir 2 o 3 niveles.\nLas misiones dentro del paquete son escogidas al azar.
WILD_ACT_12.marketName;Paquete de misión salvaje
WILD_ACT_13.marketDescription;Contiene 7 misiones. Por completar estas misiones obtendrás suficiente experiencia para subir 2 o 3 niveles.\nLas misiones dentro del paquete son escogidas al azar.
WILD_ACT_13.marketName;Paquete de misión salvaje
WILD_ACT_14.marketDescription;Contiene 7 misiones. Por completar estas misiones obtendrás suficiente experiencia para subir 2 o 3 niveles.\nLas misiones dentro del paquete son escogidas al azar.
WILD_ACT_14.marketName;Paquete de misión salvaje
WILD_ACT_15.marketDescription;Contiene 7 misiones. Por completar estas misiones obtendrás suficiente experiencia para subir 2 o 3 niveles.\nLas misiones dentro del paquete son escogidas al azar.
WILD_ACT_15.marketName;Paquete de misión salvaje
WILD_ACT_2.marketDescription;Contiene 7 misiones. Por completar estas misiones obtendrás suficiente experiencia para subir 2 o 3 niveles.\nLas misiones dentro del paquete son escogidas al azar.
WILD_ACT_2.marketName;Paquete de misión salvaje
WILD_ACT_3.marketDescription;Contiene 7 misiones. Por completar estas misiones obtendrás suficiente experiencia para subir 2 o 3 niveles.\nLas misiones dentro del paquete son escogidas al azar.
WILD_ACT_3.marketName;Paquete de misión salvaje
WILD_ACT_4.marketDescription;Contiene 7 misiones. Por completar estas misiones obtendrás suficiente experiencia para subir 2 o 3 niveles.\nLas misiones dentro del paquete son escogidas al azar.
WILD_ACT_4.marketName;Paquete de misión salvaje
WILD_ACT_5.marketDescription;Contiene 7 misiones. Por completar estas misiones obtendrás suficiente experiencia para subir 2 o 3 niveles.\nLas misiones dentro del paquete son escogidas al azar.
WILD_ACT_5.marketName;Paquete de misión salvaje
WILD_ACT_6.marketDescription;Contiene 7 misiones. Por completar estas misiones obtendrás suficiente experiencia para subir 2 o 3 niveles.\nLas misiones dentro del paquete son escogidas al azar.
WILD_ACT_6.marketName;Paquete de misión salvaje
WILD_ACT_7.marketDescription;Contiene 7 misiones. Por completar estas misiones obtendrás suficiente experiencia para subir 2 o 3 niveles.\nLas misiones dentro del paquete son escogidas al azar.
WILD_ACT_7.marketName;Paquete de misión salvaje
WILD_ACT_8.marketDescription;Contiene 7 misiones. Por completar estas misiones obtendrás suficiente experiencia para subir 2 o 3 niveles.\nLas misiones dentro del paquete son escogidas al azar.
WILD_ACT_8.marketName;Paquete de misión salvaje
WILD_ACT_9.marketDescription;Contiene 7 misiones. Por completar estas misiones obtendrás suficiente experiencia para subir 2 o 3 niveles.\nLas misiones dentro del paquete son escogidas al azar.
WILD_ACT_9.marketName;Paquete de misión salvaje
AVATAR_AURORA_DARK.marketDescription;Si miras fijamente a la pesadilla durante suficiente tiempo, la pesadilla te devuelve la mirada. \n\nEste item desbloquea un nuevo avatar para tu orbe.
AVATAR_AURORA_HIPPIE.marketDescription;La paz es el único sueño que vale la pena perseguir. \n\nEste ítem desbloquea un nuevo avatar para tu orbe.
AVATAR_EXPLORER_BLUE.marketDescription;Explorador de los profundos oceanos azules, ensenadas de safiro, y bahias turquesas. \n\nEste item desbloquea un nuevo avatar para tu orbe.
AVATAR_EXPLORER_PINK.marketDescription;Explorador de tierras exóticas, extrañas culturas, y pueblos extranjeros. \n\nEste item desbloquea un nuevo avatar para tu orbe.
AVATAR_FUGORO_RAINBOW.marketDescription;Si pasas mucho tiempo en la tierra de Sueños, un poco puede pegarse y los arcoiris son un infierno de limpiar. \n\nEste item desbloquea un nuevo avatar para tu orbe.
AVATAR_KAIOS_CORRUPTED.marketDescription;Ninguna mente mortal puede soportar la Faeria pura y concentrada contenida en la fruta de la Vida Eterna, incluso una mente tan fuerte y decidida como la del Emperador. \n\nEste item desbloquea un nuevo avatar para tu orbe.
AVATAR_KELDRAN_EMISSARY_BLUE.marketDescription;El más antiguo y dedicado de los Emisarios viste de azul para mostrar su eterna devoción al cielo abierto. \n\nEste item desbloquea un nuevo avatar para tu orbe.
AVATAR_KHALIM_BLACK.marketDescription;Tantos guerreros jovenes estan listos para la batalla pero no tienen ningún entendimiento de la guerra. Puedes controlar tu espada con facilidad, pero dirigir el movimiento de una nación es más dificíl que mover una tormenta de arena en tu camino. \n\nEste item desbloquea un nuevo avatar para tu orbe.
AVATAR_KHALIM_SUNGLASSES.marketDescription;No necesitamos corceles, barcos o maquinas de metal. ¡Nosotros montamos el cielo y la tormenta! \n\nEste item desbloquea un nuevo avatar para tu orbe.
AVATAR_KINGS_GUARD_SILVER.marketDescription;A todo guardia que es herido en la linea del deber se le otorga una armadura plateada para siempre poder proclamar su dedicación y lealtad. \n\nEste item desbloquea un nuevo avatar para tu orbe.
AVATAR_KOBOLD_MERCENARY_GOLD.marketDescription;Algunos mercenarios son más exitosos que otros, y como todo lo demas en la sociedad Kobold, el éxito se mide por el tamaño de tu pila de oro. \n\nEste item desbloquea un nuevo avatar para tu orbe.
AVATAR_KROG_BIKER.marketDescription;Si Krog conduce lo suficientemente rápido, entonces todos seguirían a Krog. Todos deberían seguir a Krog. \n\nEste item desbloquea un nuevo avatar para tu orbe.
AVATAR_KROG_SUIT.marketDescription;Krog se viste para el trabajo que quiere. Krog quiere ser Don. ¡Krog ahora es Don! \n\nEste item desbloquea un nuevo avatar para tu orbe.
AVATAR_MAGDA_SECRETARY.marketDescription;La Reina sabe que el conocimiento es poder, y no duda en pasar día y noche dentro de la libreria para enriquecer sus planes. \n\nEste item desbloquea un nuevo avatar para tu orbe.
AVATAR_OGRE_BATTLER_BLUE.marketDescription;Los Ogros aprecian la fuerza de sus enemigos y suelen adaptar la ropa o pintar los cuerpos de aquellos que derrotan para honrarlos. \n\nEste item desbloquea un nuevo avatar para tu orbe.
AVATAR_RAIZEON_ALTERED.marketDescription;Maestro de todos los colores, esta entidad prueba a aquellos que entren en sus dominios. \n\nEste item desbloquea un nuevo avatar para tu orbe.
AVATAR_RUUNIN_BLACK.marketDescription;Nacido de las sombras, corredor, siempre cazando, ojos del vacío. \n\nEste item desbloquea un nuevo avatar para tu orbe.
AVATAR_SEIFER_SUNGLASSES.marketDescription;¡Digan Whisky! \n\nEste item desbloquea un nuevo avatar para tu orbe.
AVATAR_SHARRA_HAT.marketDescription;Dejeme entrar, entrenador. ¡Tengo un gran movimiento! \n\nEste item desbloquea un nuevo avatar para tu orbe.
AVATAR_SHARRA_PINK.marketDescription;Matando dragones y luciendo bien al hacerlo. \n\nEste item desbloquea un nuevo avatar para tu orbe.
AVATAR_SHAYTAN_ASSASSIN_BLUE.marketDescription;De todos los asesinos Shaytan, la Orden Azure es la más rara y la mas mortal. Sus únicos objetivos son dioses, ofreciendo su esencia divina a Shaytan. \n\nEste item desbloquea un nuevo avatar para tu orbe.
AVATAR_TARUM_EVIL.marketDescription;Exiliado de su hogar, su bosque herido y quemado. Es sorprendente que esto no sucediera antes. \n\nEste item desbloquea un nuevo avatar para tu orbe.
AVATAR_VERDURAN_FORCE_GREY.marketDescription;Como cambian las estaciones, también cambias las driadas, desde el retoño más pequeño al roble mas grandioso. \n\nEste item desbloquea un nuevo avatar para tu orbe.
AVATAR_WISP_RAINBOW.marketDescription;Nadie esta seguro si estas briznas traen el arcoiris al cielo, o se llevan su esencia cuando desaparecen. \n\nEste item desbloquea un nuevo avatar para tu orbe.
AVATAR_WISP_WHITE.marketDescription;Un espiritu radiante que recolecta la luz del dia para compartir durante las noches más oscuras.\n\nEste ítem desbloquea un nuevo avatar para tu orbe.
AVATAR_YAK_SHEPHERD.marketDescription;No hay profesión más pacífica que la de pastorear yaks en las estepas de Syland. Incluso los bárbaros saben que deben mantenerse alejados de sus pezuñas. \n\nEste ítem desbloquea un nuevo avatar para tu orbe.
CARD_BACK_FALL_OF_EVERLIFE.marketDescription;La corrupción del Emperador ha llegado incluso a las cartas de tu mazo.\n\nEste ítem desbloquea un nuevo dorso de carta para tu mazo.
CARD_BACK_MOSAIC_FLOWER_GREEN.marketDescription;Un mosaico típico suele tomarle a cién kappas un dia entero de trabajo. Eso es 30 días para tu mazo entero.\n\nEste ítem desbloquea un nuevo dorso de carta para tu mazo.
CARD_BACK_MOSAIC_FLOWER_RED.marketDescription;Un mosaico típico suele tomarle a cién kappas un dia entero de trabajo. Eso es 30 días para tu mazo entero.\n\nEste ítem desbloquea un nuevo dorso de carta para tu mazo.
CARD_BACK_MOSAIC_SOLAR_BLUE.marketDescription;Un mosaico típico suele tomarle a cién kappas un dia entero de trabajo. Eso es 30 días para tu mazo entero. \n\nEste ítem desbloquea un nuevo dorso de carta para tu mazo.
CARD_BACK_MOSAIC_SOLAR_MAGENTA.marketDescription;Un mosaico típico le toma a cién kappas un dia entero de trabajo. Eso es 30 días para tu mazo entero.\n\nEste ítem desbloquea un nuevo dorso de carta para tu mazo.
CARD_BACK_MUCHA_GREEN.marketDescription;Los diseños más antiguos datan al tiempo de los primeros Rakoans, quienes los dibujaban cuidadosamente con arenas de colores.\n\nEste ítem desbloquea un nuevo dorso de carta para tu mazo.
CARD_BACK_MUCHA_MAGENTA.marketDescription;Los diseños más antiguos datan al tiempo de los primeros Rakoans, quienes los dibujaban cuidadosamente con arenas de colores.\n\nEste ítem desbloquea un nuevo dorso de carta para tu mazo.
ORB_ARCANE_GOLD.marketDescription;Creado de las piedras de un pozo de faeria encontrado en el corazon de Solaris. Este orbe tiene el favor de los dioses que buscan descubrir los secretos del cosmos.\n\nEste ítem desbloquea un nuevo orbe para tu avatar.
ORB_ARCANE_PURPLE.marketDescription;Creado de las piedras de un pozo de faeria encontrado en el corazon de Solaris. Este orbe tiene el favor de los dioses que buscan descubrir los secretos del cosmos. \n\nEste item desbloquea un nuevo orbe para tu avatar.
ORB_ARCANE_RED.marketDescription;Creado de las piedras de un pozo de faeria encontrado en el corazon de Solaris. Este orbe tiene el favor de los dioses que buscan descubrir los secretos del cosmos.\n\nEste ítem desbloquea un nuevo orbe para tu avatar.
ORB_CRYSTAL_STONE.marketDescription;No es sabido por qué los cristales azules crecen alrededor de este orbe, pero parece que solo incrementan su poder. \n\nEste ítem desbloquea un nuevo orbe para tu avatar.
ORB_CRYSTAL_STONE_GOLD.marketDescription;No es sabido por qué los cristales dorados crecen alrededor de este orbe, pero parece que solo incrementan su poder.\n\nEste ítem desbloquea un nuevo orbe para tu avatar.
ORB_CRYSTAL_STONE_PURPLE.marketDescription;No es sabido por qué los cristales violetas crecen alrededor de este orbe, pero parece que solo incrementan su poder. \n\nEste ítem desbloquea un nuevo orbe para tu avatar.
ORB_DRAGON_SILVER.marketDescription;Las Orbes del Dragon son monumentos al tiempo en que los Dragones salvaron el mundo del caos de los antiguos Gigantes. Cuando la guerra terminó, los cuatro grandes Dragones forjaron estos orbes juntos. \n\nEste ítem desbloquea un nuevo orbe para tu avatar.\n\nEste item desbloquea un nuevo orbe para tu avatar.
ORB_FALL_OF_EVERLIFE.marketDescription;Las Arañas gigantes saben que la magia latente de los orbes incrementan la salud de sus huevos en desarollo. No es ninguna sorpresa que las arañas sean cada vez más grandes. \n\nEste ítem desbloquea un nuevo orbe para tu avatar.
ORB_HAND_ARCANE.marketDescription;Las leyendas cuentan de los gigantes de la antiguedad, capaces de modelar el mundo con un simple gesto de sus manos, un susurro de sus labios de piedra.\n\nEste ítem desbloquea un nuevo orbe para tu avatar.
ORB_HAND_GRASP.marketDescription;No todos los gigantes sobrevivieron al nacer de la piedra, pero su magia todavía persiste.\n\nEste ítem desbloquea un nuevo orbe para tu avatar.
ORB_SPIDEREGG_GREEN.marketDescription;Las Arañas gigantes saben que la magia latente de las orbes incrementan la salud de sus huevos en desarollo. No es ninguna sorpresa que las arañas sean cada vez más grandes. \n\nEste ítem desbloquea un nuevo orbe para tu avatar.
ORB_SPIDEREGG_ORANGE.marketDescription;Este orbe atrae los espíritus de los muertos y luego los atrapa en un tormento eterno para alimentar su hambre cruel. \n\nEste ítem desbloquea un nuevo orbe para tu avatar.
ORB_SPIDEREGG_RAINBOW.marketDescription;Las Arañas gigantes saben que la magia latente de las orben incrementan la salud de sus huevos en desarollo. No es ninguna sorpresa que las arañas sean cada vez más grandes. \n\nEste ítem desbloquea un nuevo orbe para tu avatar.
ORB_STAR_CRYSTAL.marketDescription;Los antiguos humanos alguna vez adoraron a las orbes misma, creando hermosos altares en los cuales descansaban. \n\nEste ítem desbloquea un nuevo orbe para tu avatar.
ORB_STAR_CRYSTAL_ORANGE.marketDescription;Los antiguos humanos alguna vez adoraron a las orbes mismas, creando hermosos altares en los cuales descansaban. \n\nEste ítem desbloquea un nuevo orbe para tu avatar.
ORB_STAR_CRYSTAL_PURPLE.marketDescription;Los antiguos humanos alguna vez adoraron a las orbes mismas, creando hermosos altares en los cuales descansaban. \n\nEste ítem desbloquea un nuevo orbe para tu avatar.
ORB_TRIBAL.marketDescription;Bendecidos por los más poderosos shamanes de las Doce Tribus Tikis. \n\nEste ítem desbloquea un nuevo orbe para tu avatar.
ORB_VALOR_GREEN.marketDescription;Labrados en las mismas piedras cubiertas de musgo de las cuales fueron creados los antiguos gigantes. Esta orbe tiene el favor de los antiguos dioses que vieron el nacimiento de la creación. \n\nEste ítem desbloquea un nuevo orbe para tu avatar.
ORB_VALOR_MAGENTA.marketDescription;Labrados en las mismas piedras cubiertas de sangre de las cuales fueron creados los antiguos gigantes. Esta orbe tiene el favor de los antiguos dioses que vieron el nacimiento de la creación. \n\nEste ítem desbloquea un nuevo orbe para tu avatar.
ORB_VALOR_SILVER.marketDescription;Labrados en las mismas piedras plateadas de las cuales fueron creados los antiguos gigantes. Esta orbe tiene el favor de los antiguos dioses que vieron el nacimiento de la creación. \n\nEste ítem desbloquea un nuevo orbe para tu avatar.
WELL_ARCANE_GOLD.marketDescription;Hechizos fueron realizados sobre estos pozos hace mucho tiempo, moldeando la faeria por un misterioso propósito.\n\nEste ítem desbloquea un nuevo tipo de pozo para tu tablero.
WELL_ARCANE_PURPLE.marketDescription;Hechizos fueron realizados sobre estos pozos hace mucho tiempo, moldeando la faeria por un misterioso propósito.\n\nEste ítem desbloquea un nuevo tipo de pozo para tu tablero.
WELL_ARCANE_RED.marketDescription;Hechizos fueron realizados sobre estos pozos hace mucho tiempo, moldeando la faeria por un misterioso propósito.\n\nEste ítem desbloquea un nuevo tipo de pozo para tu tablero.
WELL_FALL_OF_EVERLIFE.marketDescription;La caida de Vida Eterna propagó corrupción a travéz de sus raices, contaminando incluso a la faeria más pura debajo de la tierra.\n\nEste ítem desbloquea un nuevo tipo de pozo para tu tablero.
WELL_FLOATING_STONES.marketDescription;Encontrado a travéz de Oversky, muchos sospechan que estos pozos son la fuente de la naturaleza voladora de las islas.\n\nEste ítem desbloquea un nuevo tipo de pozo para tu tablero.
WELL_ROOTS.marketDescription;No hay un solo ser viviente que no prospere en una dieta estable de faeria.\n\nEste ítem desbloquea un nuevo tipo de pozo para tu tablero.
WELL_RUNIC_BLUE.marketDescription;Algunos pozos de faeria rozan contra el reino de Pandora, enredándose con los poderes de la fortuna y el destino.\n\nEste item desbloquea un nuevo tipo de pozo para tu tablero.
WELL_RUNIC_GREEN.marketDescription;Algunos pozos de faeria rozan contra el reino de Pandora, enredándose con los poderes de la fortuna y el destino.\n\nEste item desbloquea un nuevo tipo de pozo para tu tablero.
WELL_RUNIC_RED.marketDescription;Algunos pozos de faeria rozan contra el reino de Pandora, enredándose con los poderes de la fortuna y el destino.\n\nEste item desbloquea un nuevo tipo de pozo para tu tablero.
WELL_RUNIC_YELLOW.marketDescription;Algunos pozos de faeria rozan contra el reino de Pandora, enredándose con los poderes de la fortuna y el destino.\n\nEste item desbloquea un nuevo tipo de pozo para tu tablero.
CARD_BACK_MOSAIC_YAK.marketDescription;Un mosaico antiguo de un yak inidentificable.
DLC_ELEMENTS.marketName;DLC de Rompecabezas Elementales
DLC_ELEMENTS.marketDescription;Prueba tus habilidades con el Paquete de Rompecabezas Elementales conteniendo 40 nuevos exitantes desafíos. Obtén recompensas mientras progresas, incluyendo un dorso de carta único.
